loan_id,user_id,loan_amount,total_amount,issue_date,due_date,paid_date,installment_amount,loan_amount_paid,status
1,1,29955,47928.0,2021-06-14,2022-06-09,2021-10-05,3994.0,35596.53,paid
2,1,15473,24756.8,2022-12-06,2023-12-01,2023-08-17,2063.07,22023.24,paid
3,1,15781,25249.6,2025-04-24,2026-04-19,2025-04-28,2104.13,15886.21,paid
4,3,8715,13421.1,2024-10-28,2025-04-26,,2236.85,0.0,late
5,4,1721,2288.93,2021-03-09,2021-06-07,2021-03-29,762.98,1847.21,paid
6,4,1153,1533.49,2022-08-01,2022-10-30,2022-08-07,511.16,1178.37,paid
7,4,1755,2334.15,2024-02-22,2024-05-22,2024-05-08,778.05,2244.06,paid
8,4,1794,2386.02,2025-02-16,2025-05-17,2025-03-24,795.34,2030.81,paid
9,5,1583,2105.39,2021-11-24,2022-02-22,2022-01-28,701.8,1960.28,paid
10,5,1206,1603.98,2022-08-21,2022-11-19,2022-11-18,534.66,1599.56,paid
11,5,1670,2221.1,2023-09-15,2023-12-14,2023-11-18,740.37,2061.89,paid
12,5,1592,2117.36,2025-04-07,2025-07-06,,705.79,0.0,ongoing
13,6,16959,37309.8,2022-06-26,2024-06-15,2023-08-12,1554.58,28604.18,paid
14,6,10467,23027.4,2025-03-12,2027-03-02,2025-03-14,959.48,10501.89,paid
15,7,1662,2210.46,2023-01-17,2023-04-17,2023-04-14,736.82,2192.18,paid
16,7,1338,1779.54,2024-08-09,2024-11-07,2024-11-02,593.18,1755.01,paid
17,8,16650,24642.0,2021-01-20,2023-01-10,2021-04-21,1026.75,17660.1,paid
18,8,10977,16245.96,2024-06-03,2026-05-24,2024-10-26,676.91,12038.11,paid
19,9,5190,7681.2,2020-09-22,2022-09-12,2021-01-14,320.05,5584.44,paid
20,9,7032,10407.36,2023-11-06,2025-10-26,,433.64,7805.52,ongoing
21,10,37248,99824.64,2022-07-13,2024-07-02,2022-09-28,4159.36,43940.22,paid
22,12,1077,1432.41,2021-11-09,2022-02-07,2021-12-18,477.47,1231.01,paid
23,12,1914,2545.62,2023-05-03,2023-08-01,2023-05-29,848.54,2096.47,paid
24,12,2380,3165.4,2024-11-23,2025-02-21,2025-02-18,1055.13,3139.22,paid
25,13,1061,1474.79,2021-04-13,2021-07-12,2021-05-06,491.6,1166.75,paid
26,13,1013,1408.07,2022-04-08,2022-07-07,2022-05-18,469.36,1188.59,paid
27,13,1035,1438.65,2023-03-04,2023-06-02,2023-04-08,479.55,1191.97,paid
28,13,1034,1437.26,2023-11-29,2024-02-27,2023-12-14,479.09,1101.21,paid
29,13,1094,1520.66,2024-09-24,2024-12-23,2024-12-04,506.89,1430.59,paid
30,14,1034,1375.22,2021-11-29,2022-02-27,2022-02-05,458.41,1291.81,paid
31,14,1282,1705.06,2023-06-22,2023-09-20,2023-08-25,568.35,1582.84,paid
32,14,1106,1470.98,2024-08-15,2024-11-13,,490.33,0.0,late
33,15,21235,46717.0,2020-12-22,2022-12-12,2022-07-06,1946.54,41089.73,paid
34,15,10207,22455.4,2023-06-10,2025-05-30,,935.64,21519.76,ongoing
35,16,1217,1691.63,2022-06-03,2022-09-01,2022-07-21,563.88,1470.14,paid
36,16,1021,1419.19,2023-05-29,2023-08-27,2023-07-25,473.06,1273.19,paid
37,16,1570,2182.3,2024-11-19,2025-02-17,2025-02-01,727.43,2073.45,paid
38,17,1084,1441.72,2021-07-09,2021-10-07,2021-07-10,480.57,1087.97,paid
39,17,1109,1474.97,2022-04-05,2022-07-04,,491.66,983.31,late
40,18,5999,12477.92,2022-12-16,2023-12-11,2023-05-23,1039.83,8842.53,paid
41,19,3164,7340.48,2023-09-20,2024-09-14,2023-11-21,611.71,3883.28,paid
42,19,5104,11841.28,2025-03-13,2026-03-08,2025-04-04,986.77,5515.72,paid
43,20,1411,2934.88,2023-10-24,2024-10-18,2024-02-18,244.57,1906.26,paid
44,21,2074,3691.72,2021-10-08,2022-04-06,2021-12-17,615.29,2703.11,paid
45,21,1269,2258.82,2022-09-03,2023-03-02,2022-12-20,376.47,1862.89,paid
46,21,1641,2920.98,2023-08-29,2024-02-25,2024-01-23,486.83,2686.32,paid
47,21,2237,3981.86,2025-03-21,2025-09-17,2025-04-17,663.64,2498.73,paid
48,22,1121,1558.19,2022-06-19,2022-09-17,2022-06-22,519.4,1135.57,paid
49,22,1073,1491.47,2023-03-16,2023-06-14,2023-06-04,497.16,1444.97,paid
50,22,1709,2375.51,2024-08-07,2024-11-05,,791.84,0.0,late
51,23,37117,46025.08,2022-04-02,2023-03-28,2022-05-25,3835.42,38428.47,paid
52,23,19651,24367.24,2024-03-22,2025-03-17,2024-10-26,2030.6,22506.95,paid
53,26,1000,1780.0,2022-02-07,2022-08-06,2022-07-19,296.67,1702.0,paid
54,26,1000,1780.0,2023-01-03,2023-07-02,2023-04-12,296.67,1429.0,paid
55,26,1000,1780.0,2024-07-26,2025-01-22,2024-09-03,296.67,1169.0,paid
56,28,9493,11771.32,2021-01-25,2022-01-20,2021-06-19,980.94,10410.66,paid
57,28,1967,2439.08,2023-02-14,2024-02-09,,203.26,1219.54,late
58,30,2029,3368.14,2022-02-06,2022-08-05,,561.36,561.36,late
59,31,1033,1838.74,2021-05-14,2021-11-10,2021-06-09,306.46,1149.38,paid
60,31,1541,2742.98,2022-11-05,2023-05-04,2023-03-03,457.16,2328.96,paid
61,31,1289,2294.42,2024-07-27,2025-01-23,2024-10-20,382.4,1763.78,paid
62,32,1071,1424.43,2021-10-27,2022-01-25,2021-11-20,474.81,1165.25,paid
63,32,1011,1344.63,2022-08-23,2022-11-21,,448.21,0.0,late
64,33,2729,3629.57,2023-12-07,2024-03-06,,1209.86,1209.86,late
65,34,1284,2285.52,2021-11-20,2022-05-19,2021-11-28,380.92,1328.51,paid
66,34,1424,2534.72,2023-06-13,2023-12-10,2023-11-21,422.45,2417.48,paid
67,34,1352,2406.56,2024-07-07,2025-01-03,2024-12-31,401.09,2388.98,paid
68,35,1325,2358.5,2021-12-20,2022-06-18,2022-06-18,393.08,2358.5,paid
69,35,1496,2662.88,2023-12-10,2024-06-07,2024-06-04,443.81,2643.43,paid
70,35,2033,3618.74,2025-03-04,2025-08-31,2025-04-17,603.12,2420.63,paid
71,36,1949,2709.11,2021-08-16,2021-11-14,,903.04,0.0,late
72,37,6870,8518.8,2021-02-18,2022-02-13,2021-03-03,709.9,6929.54,paid
73,37,10461,12971.64,2023-06-08,2024-06-02,2023-09-07,1080.97,11095.63,paid
74,38,4516,7225.6,2022-05-20,2023-05-15,,602.13,1204.27,late
75,39,6112,13446.4,2022-02-11,2024-02-01,,560.27,12325.87,late
76,40,1307,1816.73,2021-07-03,2021-10-01,2021-09-15,605.58,1726.11,paid
77,40,1235,1716.65,2022-08-27,2022-11-25,2022-08-29,572.22,1245.7,paid
78,40,1257,1747.23,2023-12-20,2024-03-19,2024-02-29,582.41,1643.74,paid
79,40,1125,1563.75,2024-12-14,2025-03-14,,521.25,1042.5,late
80,41,1252,1740.28,2021-03-17,2021-06-15,2021-04-06,580.09,1360.51,paid
81,41,2170,3016.3,2022-06-10,2022-09-08,2022-07-14,1005.43,2489.71,paid
82,41,1008,1401.12,2023-09-03,2023-12-02,2023-10-13,467.04,1182.72,paid
83,41,2260,3141.4,2024-09-27,2024-12-26,2024-11-03,1047.13,2622.35,paid
84,42,18477,29563.2,2020-12-25,2021-12-20,2021-05-18,2463.6,22911.48,paid
85,42,6576,10521.6,2023-02-13,2024-02-08,,876.8,2630.4,late
86,43,4813,7412.02,2024-01-29,2024-07-27,2024-07-24,1235.34,7368.7,paid
87,44,4867,11291.44,2024-06-23,2025-06-18,2024-10-22,940.95,7026.33,paid
88,45,2996,3804.92,2024-05-09,2024-08-07,2024-07-27,1268.31,3706.05,paid
89,46,1011,1678.26,2023-01-10,2023-07-09,,279.71,279.71,late
90,47,28197,45115.2,2023-06-08,2024-06-02,2023-06-28,3759.6,29136.9,paid
91,47,25986,41577.6,2024-12-29,2025-12-24,2025-04-24,3464.8,31009.96,paid
92,48,2411,2989.64,2021-07-21,2022-07-16,2021-10-06,249.14,2534.76,paid
93,48,5862,7268.88,2023-02-11,2024-02-06,2023-08-12,605.74,6573.26,paid
94,48,1013,1256.12,2025-01-31,2026-01-26,2025-02-07,104.68,1017.73,paid
95,49,5007,13418.76,2021-01-05,2022-12-26,,559.12,7827.61,late
96,51,1045,1860.1,2023-03-19,2023-09-15,2023-08-12,310.02,1706.14,paid
97,51,1071,1906.38,2024-02-12,2024-08-10,2024-04-06,317.73,1321.61,paid
98,53,1687,2800.42,2021-09-21,2022-03-20,2022-02-17,466.74,2608.66,paid
99,53,1724,2861.84,2022-11-15,2023-05-14,2022-12-22,476.97,1957.89,paid
100,53,1840,3054.4,2023-11-10,2024-05-08,2023-12-23,509.07,2130.11,paid
101,53,1457,2418.62,2024-12-04,2025-06-02,2025-02-01,403.1,1772.2,paid
102,54,3806,5061.98,2024-05-10,2024-08-08,2024-06-07,1687.33,4196.75,paid
103,55,31317,38833.08,2021-02-02,2022-01-28,,3236.09,16180.45,late
104,57,1443,1919.19,2022-11-04,2023-02-02,2023-01-20,639.73,1850.41,paid
105,57,1520,2021.6,2024-07-26,2024-10-24,2024-10-08,673.87,1932.43,paid
106,57,1163,1546.79,2025-04-22,2025-07-21,,515.6,0.0,ongoing
107,58,1765,2929.9,2021-11-25,2022-05-24,2022-04-14,488.32,2671.03,paid
108,58,1196,1985.36,2022-10-21,2023-04-19,2023-03-28,330.89,1888.88,paid
109,58,1931,3205.46,2024-03-14,2024-09-10,2024-05-25,534.24,2440.78,paid
110,59,1952,2596.16,2022-04-24,2022-07-23,2022-06-12,865.39,2302.71,paid
111,59,1805,2400.65,2023-06-18,2023-09-16,2023-08-04,800.22,2116.06,paid
112,59,2283,3036.39,2024-02-13,2024-05-13,,1012.13,0.0,late
113,60,6505,8066.2,2024-11-24,2025-11-19,2025-01-24,672.18,6769.54,paid
114,61,2020,2807.8,2022-09-02,2022-12-01,2022-11-04,935.93,2571.46,paid
115,61,2246,3121.94,2023-11-26,2024-02-24,2023-12-09,1040.65,2372.52,paid
116,61,1793,2492.27,2024-10-21,2025-01-19,2024-12-28,830.76,2321.34,paid
117,62,9705,17857.2,2021-11-25,2022-11-20,2022-05-23,1488.1,13758.46,paid
118,62,40333,74212.72,2024-01-14,2025-01-08,2024-02-27,6184.39,44473.85,paid
119,63,7511,13820.24,2021-08-24,2022-08-19,2022-03-07,1151.69,10928.51,paid
120,63,23930,44031.2,2023-05-16,2024-05-10,2023-09-12,3669.27,30574.56,paid
121,63,28411,52276.24,2025-01-05,2025-12-31,2025-03-02,4356.35,32123.37,paid
122,64,2400,3336.0,2021-07-24,2021-10-22,2021-09-30,1112.0,3107.2,paid
123,64,1271,1766.69,2022-07-19,2022-10-17,2022-09-12,588.9,1573.92,paid
124,64,1506,2093.34,2023-07-14,2023-10-12,,697.78,0.0,late
125,66,1000,1660.0,2020-12-03,2021-06-01,2020-12-04,276.67,1003.67,paid
126,66,1000,1660.0,2022-03-28,2022-09-24,2022-09-02,276.67,1579.33,paid
127,66,1000,1660.0,2023-11-18,2024-05-16,2023-12-18,276.67,1110.0,paid
128,67,1764,3880.8,2024-03-15,2026-03-05,2025-03-12,161.7,2828.28,paid
129,68,1046,1391.18,2022-09-14,2022-12-13,2022-10-27,463.73,1210.92,paid
130,68,1068,1420.44,2023-09-09,2023-12-08,2023-10-18,473.48,1220.72,paid
131,68,1065,1416.45,2025-01-01,2025-04-01,,472.15,944.3,late
132,70,1158,1609.62,2021-06-27,2021-09-25,,536.54,0.0,late
133,71,6353,9402.44,2023-11-26,2025-11-15,,391.77,6660.06,ongoing
134,72,9400,25192.0,2023-04-12,2025-04-01,2023-08-02,1049.67,11856.53,paid
135,73,7611,20397.48,2020-09-20,2022-09-10,2021-11-08,849.89,14963.23,paid
136,73,1856,4974.08,2024-03-03,2026-02-21,,207.25,2901.55,ongoing
137,74,3365,7806.8,2023-08-07,2024-08-01,2024-04-26,650.57,6609.98,paid
138,74,1425,3306.0,2025-02-27,2026-02-22,,275.5,551.0,ongoing
139,75,25368,37544.64,2025-04-12,2027-04-02,,1564.36,0.0,ongoing
140,76,18535,27431.8,2021-04-29,2023-04-19,2022-09-12,1142.99,24725.69,paid
141,76,13897,20567.56,2024-07-12,2026-07-02,2024-08-29,856.98,14341.7,paid
142,78,2067,2873.13,2021-10-23,2022-01-21,2021-12-30,957.71,2676.08,paid
143,78,1899,2639.61,2023-04-16,2023-07-15,,879.87,1759.74,late
144,79,21306,57100.08,2021-02-04,2023-01-25,2021-09-03,2379.17,31795.65,paid
145,79,16135,43241.8,2023-09-22,2025-09-11,,1801.74,34233.09,ongoing
146,80,6757,10811.2,2021-10-16,2022-10-11,2022-03-10,900.93,8389.94,paid
147,80,6468,10348.8,2023-11-05,2024-10-30,2024-09-02,862.4,9723.56,paid
148,81,1747,2900.02,2022-11-16,2023-05-15,2023-04-21,483.34,2746.28,paid
149,81,1728,2868.48,2023-11-11,2024-05-09,2023-12-10,478.08,1911.74,paid
150,82,1346,2395.88,2022-06-04,2022-12-01,2022-07-05,399.31,1526.81,paid
151,82,1194,2125.32,2023-11-26,2024-05-24,,354.22,1416.88,late
152,83,1089,1513.71,2021-04-22,2021-07-21,2021-06-04,504.57,1291.92,paid
153,83,1560,2168.4,2021-12-18,2022-03-18,2021-12-28,722.8,1627.6,paid
154,83,1304,1812.56,2022-12-13,2023-03-13,2023-01-20,604.19,1518.73,paid
155,83,1132,1573.48,2024-05-06,2024-08-04,2024-07-23,524.49,1514.62,paid
156,83,1119,1555.41,2025-01-31,2025-05-01,,518.47,1036.94,late
157,84,1085,1801.1,2022-01-23,2022-07-22,2022-03-01,300.18,1232.2,paid
158,84,1291,2143.06,2023-04-18,2023-10-15,2023-08-25,357.18,1901.64,paid
159,84,1102,1829.32,2024-07-11,2025-01-07,2024-07-15,304.89,1118.16,paid
160,85,1182,1572.06,2022-03-31,2022-06-29,2022-05-17,524.02,1385.7,paid
161,85,1811,2408.63,2023-09-22,2023-12-21,,802.88,802.88,late
162,86,1168,1938.88,2022-08-28,2023-02-24,2023-02-04,323.15,1853.23,paid
163,86,1320,2191.2,2023-08-23,2024-02-19,2024-01-27,365.2,2079.88,paid
164,87,1601,2129.33,2023-01-18,2023-04-18,2023-03-10,709.78,1900.39,paid
165,87,3789,5039.37,2024-10-09,2025-01-07,2024-11-27,1679.79,4469.76,paid
166,88,39529,58502.92,2022-08-31,2024-08-20,2024-07-03,2437.62,57237.99,paid
167,88,1551,2295.48,2025-04-17,2027-04-07,2025-04-20,95.64,1554.1,paid
168,90,1787,2376.71,2021-04-25,2021-07-24,2021-06-28,792.24,2206.35,paid
169,90,2093,2783.69,2022-11-16,2023-02-14,2023-01-25,927.9,2630.2,paid
170,90,1185,1576.05,2024-07-08,2024-10-06,2024-07-28,525.35,1271.9,paid
171,91,2203,3524.8,2022-04-30,2023-04-25,2023-03-26,293.73,3414.65,paid
172,91,1573,2516.8,2024-01-20,2025-01-14,2024-05-06,209.73,1853.52,paid
173,92,8389,15435.76,2022-03-04,2023-02-27,,1286.31,11576.82,late
174,93,30555,56221.2,2022-12-15,2023-12-10,2023-01-16,4685.1,32836.44,paid
175,93,42475,78154.0,2025-03-04,2026-02-27,2025-04-20,6512.83,47133.09,paid
176,94,7701,11859.54,2023-01-26,2023-07-25,2023-04-19,1976.59,9618.55,paid
177,94,4341,6685.14,2024-08-18,2025-02-14,,1114.19,4456.76,late
178,95,1380,1835.4,2022-07-27,2022-10-25,2022-08-23,611.8,1516.62,paid
179,95,1120,1489.6,2023-12-19,2024-03-18,,496.53,496.53,late
180,96,9398,11653.52,2022-09-06,2023-09-01,2023-05-01,971.13,10882.88,paid
181,96,5683,7046.92,2024-06-27,2025-06-22,2025-03-15,587.24,6671.84,paid
182,97,1643,2283.77,2022-03-21,2022-06-19,2022-06-05,761.26,2184.09,paid
183,97,2082,2893.98,2023-08-13,2023-11-11,2023-10-11,964.66,2614.3,paid
184,97,1819,2528.41,2024-10-06,2025-01-04,2025-01-01,842.8,2504.76,paid
185,98,1400,1946.0,2021-01-09,2021-04-09,2021-01-18,648.67,1454.6,paid
186,98,1038,1442.82,2022-08-02,2022-10-31,2022-09-10,480.94,1213.42,paid
187,98,1004,1395.56,2023-10-26,2024-01-24,2023-10-29,465.19,1017.05,paid
188,98,1235,1716.65,2025-02-17,2025-05-18,2025-03-17,572.22,1384.85,paid
189,99,3412,7506.4,2022-11-08,2024-10-28,2024-10-02,312.77,7358.55,paid
190,100,11373,18196.8,2021-02-06,2022-02-01,,1516.4,10614.8,late
191,102,4469,5943.77,2023-09-17,2023-12-16,,1981.26,0.0,late
192,103,22399,49277.8,2021-11-05,2023-10-26,2022-10-06,2053.24,34905.11,paid
193,103,25236,55519.2,2024-11-19,2026-11-09,2024-12-12,2313.3,26203.38,paid
194,104,19947,43883.4,2023-01-21,2025-01-10,2023-03-11,1828.48,21576.01,paid
195,105,1875,4350.0,2023-03-08,2024-03-02,,362.5,3625.0,late
196,107,4176,8686.08,2024-07-22,2025-07-17,2024-10-28,723.84,5403.74,paid
197,108,6933,18580.44,2021-11-15,2023-11-05,2023-04-20,774.19,15361.22,paid
198,108,3294,8827.92,2025-02-27,2027-02-17,,367.83,735.66,ongoing
199,109,2033,2520.92,2023-09-09,2024-09-03,2024-06-12,210.08,2408.43,paid
200,110,1216,2018.56,2024-05-13,2024-11-09,2024-07-17,336.43,1505.81,paid
201,111,1663,2112.01,2023-11-05,2024-02-03,2023-11-27,704.0,1772.76,paid
202,111,3620,4597.4,2025-02-27,2025-05-28,,1532.47,3064.93,ongoing
203,112,3493,7265.44,2024-07-04,2025-06-29,2024-09-23,605.45,4341.8,paid
204,113,7798,20898.64,2022-07-17,2024-07-06,2024-01-21,870.78,17860.02,paid
205,113,12549,33631.32,2024-12-03,2026-11-23,2025-04-18,1401.31,16531.22,paid
206,114,16045,25672.0,2024-04-24,2025-04-19,2025-03-16,2139.33,24762.78,paid
207,115,1902,2529.66,2021-08-03,2021-11-01,2021-10-09,843.22,2369.26,paid
208,115,1453,1932.49,2022-05-30,2022-08-28,2022-07-01,644.16,1623.49,paid
209,115,2290,3045.7,2023-06-24,2023-09-22,2023-08-01,1015.23,2609.07,paid
210,115,1080,1436.4,2024-04-19,2024-07-18,,478.8,478.8,late
211,117,1211,1610.63,2020-11-27,2021-02-25,2021-01-08,536.88,1397.49,paid
212,117,1005,1336.65,2022-05-21,2022-08-19,2022-06-08,445.55,1071.33,paid
213,117,1282,1705.06,2023-10-13,2024-01-11,2023-10-14,568.35,1286.7,paid
214,117,1050,1396.5,2024-11-06,2025-02-04,2025-01-10,465.5,1300.25,paid
215,118,1063,1892.14,2022-02-02,2022-08-01,2022-03-14,315.36,1247.25,paid
216,118,1023,1820.94,2023-11-24,2024-05-22,2024-02-18,303.49,1404.24,paid
217,119,1000,1330.0,2022-03-02,2022-05-31,2022-05-09,443.33,1249.33,paid
218,119,1000,1330.0,2023-11-22,2024-02-20,2023-11-26,443.33,1014.67,paid
219,120,40626,50376.24,2021-12-07,2022-12-02,2022-11-08,4198.02,49726.22,paid
220,120,39126,48516.24,2024-05-25,2025-05-20,,4043.02,44473.22,ongoing
221,121,1669,2319.91,2021-02-03,2021-05-04,2021-03-29,773.3,2059.55,paid
222,121,1323,1838.97,2022-04-29,2022-07-28,2022-06-28,612.99,1666.98,paid
223,121,1464,2034.96,2023-06-23,2023-09-21,2023-07-20,678.32,1635.29,paid
224,121,1559,2167.01,2025-03-14,2025-06-12,2025-03-24,722.34,1626.56,paid
225,122,1535,2548.1,2022-06-15,2022-12-12,2022-08-21,424.68,1912.1,paid
226,122,1333,2212.78,2024-06-04,2024-12-01,2024-09-23,368.8,1875.53,paid
227,123,23445,43138.8,2021-05-02,2022-04-27,2022-01-17,3594.9,37668.3,paid
228,123,24914,45841.76,2023-01-22,2024-01-17,2023-05-06,3820.15,30959.8,paid
229,124,1039,1444.21,2021-11-20,2022-02-18,,481.4,481.4,late
230,125,1167,1552.11,2024-04-25,2024-07-24,2024-05-29,517.37,1312.49,paid
231,125,1110,1476.3,2025-01-20,2025-04-20,2025-04-19,492.1,1472.23,paid
232,126,2017,3348.22,2022-01-07,2022-07-06,2022-03-07,558.04,2453.34,paid
233,126,1685,2797.1,2023-09-29,2024-03-27,,466.18,2330.92,late
234,129,25648,56425.6,2023-11-26,2025-11-15,,2351.07,39968.13,ongoing
235,131,3564,5488.56,2023-06-04,2023-12-01,2023-10-19,914.76,5028.8,paid
236,131,2295,3534.3,2024-05-29,2024-11-25,2024-06-07,589.05,2356.97,paid
237,132,1855,3301.9,2021-11-18,2022-05-17,2022-05-13,550.32,3269.75,paid
238,132,1385,2465.3,2023-05-12,2023-11-08,2023-08-01,410.88,1871.13,paid
239,132,1089,1938.42,2024-12-02,2025-05-31,2025-01-12,323.07,1282.48,paid
240,133,19235,35392.4,2021-01-23,2022-01-18,,2949.37,0.0,late
241,134,16380,24242.4,2022-04-01,2024-03-21,2022-08-09,1010.1,17799.6,paid
242,135,2759,4911.02,2022-08-08,2023-02-04,2022-09-28,818.5,3368.74,paid
243,135,2149,3825.22,2023-12-31,2024-06-28,2024-04-14,637.54,3126.8,paid
244,135,2689,4786.42,2025-03-25,2025-09-21,,797.74,797.74,ongoing
245,136,19988,36777.92,2022-03-21,2023-03-16,2022-10-08,3064.83,29362.37,paid
246,136,6023,11082.32,2023-08-13,2024-08-07,2024-02-20,923.53,8707.25,paid
247,137,13585,36407.8,2021-07-25,2023-07-15,2021-10-18,1516.99,16279.36,paid
248,137,1981,5309.08,2024-08-08,2026-07-29,2025-02-22,221.21,2896.22,paid
249,138,7139,11422.4,2020-07-24,2021-07-19,,951.87,4759.33,late
250,139,1319,1754.27,2021-01-24,2021-04-24,2021-03-03,584.76,1502.78,paid
251,139,1066,1417.78,2021-10-21,2022-01-19,2021-11-24,472.59,1198.89,paid
252,139,1230,1635.9,2023-05-14,2023-08-12,2023-07-28,545.3,1568.25,paid
253,139,1215,1615.95,2024-02-08,2024-05-08,2024-03-13,538.65,1366.47,paid
254,140,1880,2613.2,2022-01-08,2022-04-08,2022-01-28,871.07,2042.93,paid
255,140,1961,2725.79,2022-12-04,2023-03-04,2022-12-25,908.6,2139.45,paid
256,140,1188,1651.32,2024-07-26,2024-10-24,2024-09-22,550.44,1486.58,paid
257,144,1485,3088.8,2023-10-27,2024-10-21,,257.4,1287.0,late
258,145,1230,1635.9,2023-09-29,2023-12-28,2023-11-14,545.3,1437.46,paid
259,145,2909,3868.97,2024-11-22,2025-02-20,,1289.66,2579.31,late
260,146,9191,16911.44,2022-01-24,2023-01-19,2022-03-07,1409.29,10091.72,paid
261,146,4716,8677.44,2024-03-14,2025-03-09,2024-08-06,723.12,6311.58,paid
262,147,1455,1935.15,2025-03-15,2025-06-13,,645.05,645.05,ongoing
263,148,5672,10436.48,2023-12-20,2024-12-14,2024-03-13,869.71,6783.71,paid
264,149,3572,5500.88,2023-01-11,2023-07-10,2023-03-28,916.81,4386.42,paid
265,149,3388,5217.52,2024-01-06,2024-07-04,2024-01-06,869.59,3388.0,paid
266,150,9669,17790.96,2024-10-31,2025-10-26,,1482.58,8895.48,ongoing
267,151,2274,3160.86,2021-11-25,2022-02-23,2021-12-12,1053.62,2441.52,paid
268,151,2481,3448.59,2023-06-18,2023-09-16,2023-07-27,1149.53,2900.29,paid
269,151,1976,2746.64,2025-02-07,2025-05-08,2025-04-10,915.55,2506.89,paid
270,153,5126,10662.08,2023-06-09,2024-06-03,2023-09-21,888.51,6725.31,paid
271,153,2229,4636.32,2025-02-28,2026-02-23,2025-04-20,386.36,2570.04,paid
272,154,6963,12811.92,2021-12-11,2022-12-06,2022-09-21,1067.66,11577.15,paid
273,154,6332,11650.88,2023-10-02,2024-09-26,2024-07-19,970.91,10631.43,paid
274,155,1300,2314.0,2021-08-14,2022-02-10,,385.67,1542.67,late
275,156,17072,37558.4,2021-12-01,2023-11-21,2022-02-04,1564.93,18921.47,paid
276,157,7262,9658.46,2025-02-25,2025-05-26,,3219.49,6438.97,ongoing
277,158,1201,1849.54,2022-12-01,2023-05-30,2022-12-14,308.26,1247.84,paid
278,158,1286,1980.44,2024-11-20,2025-05-19,2024-12-03,330.07,1336.15,paid
279,159,4980,8266.8,2023-06-15,2023-12-12,2023-10-12,1377.8,7152.94,paid
280,159,3457,5738.62,2025-04-05,2025-10-02,2025-04-29,956.44,3761.22,paid
281,160,2031,3615.18,2021-07-17,2022-01-13,2021-11-13,602.53,3078.32,paid
282,160,1332,2370.96,2022-07-12,2023-01-08,,395.16,1185.48,late
283,161,1461,1811.64,2023-07-21,2024-07-15,,150.97,1207.76,late
284,164,1356,1803.48,2024-02-14,2024-05-14,2024-02-25,601.16,1410.69,paid
285,165,3336,6138.24,2022-11-01,2023-10-27,2023-01-17,511.52,3935.37,paid
286,165,13562,24954.08,2024-12-20,2025-12-15,2025-02-07,2079.51,15112.59,paid
287,166,3722,4615.28,2021-07-19,2022-07-14,2021-11-08,384.61,3999.91,paid
288,166,2663,3302.12,2023-11-06,2024-10-31,2024-06-14,275.18,3055.35,paid
289,167,25314,31389.36,2021-12-24,2022-12-19,2022-02-06,2615.78,26056.54,paid
290,167,8756,10857.44,2024-05-12,2025-05-07,,904.79,9952.65,ongoing
291,168,13270,21232.0,2022-10-07,2023-10-02,2023-05-28,1769.33,18423.18,paid
292,168,20911,33457.6,2024-10-26,2025-10-21,,2788.13,16728.8,ongoing
293,169,2770,4930.6,2021-04-29,2021-10-26,2021-05-11,821.77,2914.04,paid
294,169,2527,4498.06,2022-04-24,2022-10-21,2022-06-05,749.68,2986.91,paid
295,169,1265,2251.7,2023-04-19,2023-10-16,2023-05-30,375.28,1489.75,paid
296,169,1009,1796.02,2025-01-08,2025-07-07,2025-01-30,299.34,1105.19,paid
297,170,9636,21199.2,2022-08-23,2024-08-12,2024-04-23,883.3,19416.54,paid
298,171,18791,23300.84,2023-12-13,2024-12-07,2024-12-07,1941.74,23300.84,paid
299,172,1113,1413.51,2025-04-05,2025-07-04,2025-04-09,471.17,1126.36,paid
300,173,2800,4984.0,2023-01-18,2023-07-17,2023-07-04,830.67,4826.27,paid
301,173,1583,2817.74,2024-11-08,2025-05-07,2025-02-13,469.62,2248.39,paid
302,175,32900,72380.0,2020-12-24,2022-12-14,,3015.83,0.0,late
303,176,5672,15200.96,2023-10-25,2025-10-14,2025-02-23,633.37,12117.28,paid
304,178,1022,1819.16,2021-06-16,2021-12-13,2021-11-10,303.19,1673.01,paid
305,178,1008,1794.24,2023-04-07,2023-10-04,2023-04-23,299.04,1077.89,paid
306,178,1043,1856.54,2025-02-25,2025-08-24,,309.42,618.85,ongoing
307,179,5708,15297.44,2021-10-25,2023-10-15,2023-07-13,637.39,14045.49,paid
308,179,9790,26237.2,2024-05-12,2026-05-02,2024-09-30,1093.22,13010.91,paid
309,180,19749,36338.16,2024-09-23,2025-09-18,,3028.18,21197.26,ongoing
310,181,1028,1829.84,2022-10-23,2023-04-21,,304.97,609.95,late
311,182,9698,25990.64,2020-09-25,2022-09-15,2022-05-26,1082.94,23456.23,paid
312,182,2589,6938.52,2024-01-08,2025-12-28,2024-08-19,289.11,3942.18,paid
313,183,1311,2176.26,2024-02-29,2024-08-27,2024-08-08,362.71,2084.93,paid
314,184,5715,7258.05,2024-11-04,2025-02-02,2024-12-29,2419.35,6657.98,paid
315,185,2378,5516.96,2023-08-08,2024-08-02,2024-04-01,459.75,4444.48,paid
316,185,1824,4231.68,2025-01-29,2026-01-24,2025-02-22,352.64,1984.51,paid
317,186,1264,1756.96,2022-07-14,2022-10-12,2022-09-08,585.65,1570.73,paid
318,186,1845,2564.55,2023-10-07,2024-01-05,2023-12-15,854.85,2396.66,paid
319,186,1445,2008.55,2024-10-31,2025-01-29,2024-12-27,669.52,1801.92,paid
320,187,1030,1308.1,2023-05-30,2023-08-28,2023-07-29,436.03,1215.4,paid
321,187,1458,1851.66,2024-04-24,2024-07-23,,617.22,0.0,late
322,188,2013,4670.16,2025-01-18,2026-01-13,,389.18,1167.54,ongoing
323,189,1153,1913.98,2021-11-16,2022-05-15,2021-11-17,319.0,1157.23,paid
324,189,1418,2353.88,2023-09-07,2024-03-05,2024-02-25,392.31,2307.09,paid
325,189,1164,1932.24,2025-02-28,2025-08-27,2025-03-17,322.04,1236.56,paid
326,190,23179,50993.8,2021-10-25,2023-10-15,,2124.74,33995.87,late
327,191,1958,3015.32,2023-10-02,2024-03-30,,502.55,2512.77,late
328,192,2355,3909.3,2022-07-03,2022-12-30,2022-08-06,651.55,2648.59,paid
329,192,1535,2548.1,2024-03-24,2024-09-20,2024-09-18,424.68,2536.84,paid
330,193,3615,8386.8,2022-12-29,2023-12-24,2023-11-16,698.9,7883.11,paid
331,193,3200,7424.0,2024-12-18,2025-12-13,2025-02-25,618.67,4009.6,paid
332,194,1778,2951.48,2021-06-04,2021-12-01,,491.91,491.91,late
333,195,1001,1331.33,2021-04-28,2021-07-27,,443.78,887.55,late
334,196,1287,1788.93,2021-12-06,2022-03-06,,596.31,0.0,late
335,197,7236,15050.88,2023-03-29,2024-03-23,2023-05-22,1254.24,8408.23,paid
336,197,2771,5763.68,2024-09-19,2025-09-14,2024-11-23,480.31,3311.35,paid
337,198,1322,2749.76,2023-01-20,2024-01-15,2023-05-23,229.15,1809.82,paid
338,198,1003,2086.24,2024-10-11,2025-10-06,2025-02-21,173.85,1403.2,paid
339,199,1293,1719.69,2024-08-12,2024-11-10,2024-11-10,573.23,1719.69,paid
340,200,1060,1759.6,2022-05-16,2022-11-12,2022-06-24,293.27,1211.58,paid
341,200,1037,1721.42,2023-06-10,2023-12-07,2023-10-02,286.9,1470.47,paid
342,200,1073,1781.18,2025-03-01,2025-08-28,2025-04-10,296.86,1230.37,paid
343,203,5231,6643.37,2023-09-04,2023-12-03,2023-11-22,2214.46,6470.75,paid
344,203,2949,3745.23,2024-06-30,2024-09-28,2024-09-14,1248.41,3621.37,paid
345,203,1818,2308.86,2025-02-25,2025-05-26,2025-03-16,769.62,1921.63,paid
346,204,6809,10894.4,2021-03-27,2022-03-22,2022-01-23,907.87,10236.2,paid
347,204,1944,3110.4,2023-05-16,2024-05-10,2024-02-19,259.2,2847.96,paid
348,205,22225,48895.0,2025-02-22,2027-02-12,2025-02-24,2037.29,22299.08,paid
349,206,5296,8155.84,2024-01-08,2024-07-06,2024-04-21,1359.31,6948.35,paid
350,206,4275,6583.5,2025-01-02,2025-07-01,2025-04-06,1097.25,5480.55,paid
351,207,6177,10253.82,2023-02-16,2023-08-15,,1708.97,0.0,late
352,208,5571,9247.86,2025-02-23,2025-08-22,2025-03-23,1541.31,6142.96,paid
353,209,1094,1455.02,2023-08-29,2023-11-27,,485.01,970.01,late
354,210,9061,13410.28,2025-01-24,2027-01-14,2025-04-05,558.76,9489.89,paid
355,211,6921,8582.04,2022-11-19,2023-11-14,2023-10-16,715.17,8448.23,paid
356,211,14708,18237.92,2024-09-09,2025-09-04,2024-10-20,1519.83,15110.02,paid
357,213,3541,9489.88,2021-08-10,2023-07-31,2023-06-25,395.41,9192.44,paid
358,213,3134,8399.12,2024-06-25,2026-06-15,2024-07-28,349.96,3375.32,paid
359,214,1808,2404.64,2022-05-09,2022-08-07,2022-05-14,801.55,1841.15,paid
360,214,1468,1952.44,2023-08-02,2023-10-31,2023-09-21,650.81,1737.13,paid
361,214,1549,2060.17,2024-11-24,2025-02-22,,686.72,686.72,late
362,215,20248,54264.64,2021-10-26,2023-10-16,2022-04-08,2261.03,27996.23,paid
363,215,3339,8948.52,2024-03-14,2026-03-04,2024-09-20,372.86,4819.29,paid
364,216,1869,2597.91,2021-12-04,2022-03-04,,865.97,865.97,late
365,217,22055,27348.2,2024-03-11,2025-03-06,2024-04-08,2279.02,22466.69,paid
366,218,9087,14539.2,2021-04-14,2022-04-09,2021-07-20,1211.6,10556.07,paid
367,218,29832,47731.2,2023-07-03,2024-06-27,2024-05-08,3977.6,45245.2,paid
368,219,2508,4163.28,2021-09-19,2022-03-18,2021-10-31,693.88,2894.23,paid
369,219,2044,3393.04,2023-02-11,2023-08-10,2023-02-20,565.51,2111.45,paid
370,219,1991,3305.06,2024-01-07,2024-07-05,,550.84,550.84,late
371,220,24546,45164.64,2021-01-26,2022-01-21,2021-09-29,3763.72,38635.4,paid
372,220,37146,68348.64,2023-05-16,2024-05-10,2023-08-19,5695.72,45380.03,paid
373,220,11983,22048.72,2025-02-04,2026-01-30,2025-02-14,1837.39,12262.6,paid
374,221,2416,5605.12,2023-10-20,2024-10-14,2023-11-26,467.09,2743.77,paid
375,222,1163,1930.58,2021-08-26,2022-02-22,2021-11-14,321.76,1504.15,paid
376,222,1439,2388.74,2022-12-19,2023-06-17,2023-01-22,398.12,1618.4,paid
377,222,2141,3554.06,2023-11-14,2024-05-12,,592.34,0.0,late
378,223,2105,3494.3,2022-01-18,2022-07-17,,582.38,0.0,late
379,224,2235,3710.1,2022-06-25,2022-12-22,2022-08-13,618.35,2636.56,paid
380,224,1003,1664.98,2024-05-15,2024-11-11,,277.5,0.0,late
381,225,1229,1708.31,2022-04-20,2022-07-19,,569.44,569.44,late
382,226,27021,33506.04,2024-08-02,2025-07-28,2025-01-23,2792.17,30155.44,paid
383,227,8829,23661.72,2021-06-12,2023-06-02,2021-07-03,985.91,9261.62,paid
384,227,11840,31731.2,2024-04-27,2026-04-17,2025-03-25,1322.13,21012.05,paid
385,228,1885,2337.4,2023-01-02,2023-12-28,2023-03-04,194.78,1961.66,paid
386,228,10752,13332.48,2024-08-24,2025-08-19,2025-02-24,1111.04,12070.91,paid
387,229,2538,3527.82,2023-01-25,2023-04-25,2023-04-08,1175.94,3340.85,paid
388,229,1057,1469.23,2024-06-18,2024-09-16,2024-06-30,489.74,1111.96,paid
389,229,1929,2681.31,2025-02-13,2025-05-14,,893.77,1787.54,ongoing
390,230,1000,1660.0,2022-01-07,2022-07-06,2022-01-12,276.67,1018.33,paid
391,230,1000,1660.0,2022-12-03,2023-06-01,2023-04-26,276.67,1528.0,paid
392,230,1000,1660.0,2024-11-22,2025-05-21,2024-12-01,276.67,1033.0,paid
393,231,1911,2541.63,2022-06-29,2022-09-27,,847.21,847.21,late
394,233,3557,8252.24,2023-08-09,2024-08-03,2024-06-09,687.69,7534.91,paid
395,234,1920,2553.6,2021-12-01,2022-03-01,2022-01-12,851.2,2215.68,paid
396,234,1961,2608.13,2022-07-29,2022-10-27,,869.38,1738.75,late
397,235,1127,1870.82,2022-04-01,2022-09-28,2022-04-26,311.8,1230.31,paid
398,235,1967,3265.22,2023-12-22,2024-06-19,2024-04-29,544.2,2897.39,paid
399,236,1493,2478.38,2023-11-06,2024-05-04,2023-12-29,413.06,1783.14,paid
400,236,2031,3371.46,2024-10-01,2025-03-30,2025-01-15,561.91,2820.38,paid
401,237,2497,3171.19,2023-04-30,2023-07-29,2023-06-07,1057.06,2781.66,paid
402,237,1303,1654.81,2024-02-24,2024-05-24,,551.6,551.6,late
403,238,1034,1716.44,2021-07-26,2022-01-22,2021-09-28,286.07,1276.65,paid
404,238,1897,3149.02,2022-12-18,2023-06-16,2023-05-31,524.84,3037.73,paid
405,238,1315,2182.9,2024-11-07,2025-05-06,2024-11-25,363.82,1401.79,paid
406,239,3139,5210.74,2024-09-01,2025-02-28,2025-02-09,868.46,4992.06,paid
407,240,1232,2045.12,2021-07-15,2022-01-11,2021-09-22,340.85,1543.7,paid
408,240,2040,3386.4,2022-07-10,2023-01-06,2022-08-18,564.4,2331.72,paid
409,240,2109,3500.94,2023-10-03,2024-03-31,,583.49,2333.96,late
410,242,9360,14976.0,2022-07-03,2023-06-28,2023-01-04,1248.0,12246.0,paid
411,242,11813,18900.8,2024-08-21,2025-08-16,2025-01-07,1575.07,14549.68,paid
412,244,1387,2302.42,2021-11-30,2022-05-29,2021-12-09,383.74,1432.77,paid
413,244,1502,2493.32,2023-09-21,2024-03-19,2023-12-26,415.55,2030.7,paid
414,244,1502,2493.32,2024-09-15,2025-03-14,2024-11-11,415.55,1815.92,paid
415,245,8936,19659.2,2020-08-24,2022-08-14,2021-04-02,819.13,12227.43,paid
416,245,7318,16099.6,2023-10-08,2025-09-27,2025-02-20,670.82,13428.53,paid
417,246,4126,11057.68,2021-03-30,2023-03-20,,460.74,4146.63,late
418,247,2921,6075.68,2024-01-03,2024-12-28,,506.31,0.0,late
419,249,3659,4866.47,2023-11-05,2024-02-03,2023-12-22,1622.16,4289.57,paid
420,249,1749,2326.17,2025-04-28,2025-07-27,2025-04-28,775.39,1749.0,paid
421,251,7569,11202.12,2021-08-19,2023-08-09,,466.75,3734.04,late
422,252,20895,25909.8,2020-07-24,2021-07-19,2021-01-06,2159.15,23207.38,paid
423,252,38271,47456.04,2022-11-11,2023-11-06,,3954.67,0.0,late
424,253,1431,1903.23,2021-11-28,2022-02-26,2021-12-18,634.41,1535.94,paid
425,253,1153,1533.49,2023-01-22,2023-04-22,2023-02-13,511.16,1246.01,paid
426,253,1161,1544.13,2024-10-13,2025-01-11,2025-01-11,514.71,1544.13,paid
427,254,1918,3183.88,2022-03-13,2022-09-09,2022-03-13,530.65,1918.0,paid
428,254,1068,1772.88,2023-12-03,2024-05-31,2024-03-14,295.48,1467.43,paid
429,255,24249,38798.4,2022-01-27,2023-01-22,2022-07-19,3233.2,31240.79,paid
430,255,35124,56198.4,2023-07-21,2024-07-15,2023-12-05,4683.2,43143.98,paid
431,256,1176,1952.16,2021-09-14,2022-03-13,2021-11-11,325.36,1426.1,paid
432,256,1031,1711.46,2022-09-09,2023-03-08,2022-11-01,285.24,1231.36,paid
433,256,1190,1975.4,2024-07-30,2025-01-26,2024-09-10,329.23,1373.26,paid
434,257,1274,2114.84,2023-09-02,2024-02-29,2024-01-21,352.47,1932.66,paid
435,257,8421,13978.86,2024-12-25,2025-06-23,2025-04-17,2329.81,11910.1,paid
436,260,2089,3467.74,2023-02-27,2023-08-26,,577.96,2889.78,late
437,261,1343,1786.19,2021-12-04,2022-03-04,2022-01-13,595.4,1539.97,paid
438,261,1293,1719.69,2023-06-27,2023-09-25,2023-07-03,573.23,1321.45,paid
439,261,1343,1786.19,2024-02-22,2024-05-22,2024-04-04,595.4,1549.82,paid
440,261,1321,1756.93,2025-01-17,2025-04-17,2025-02-16,585.64,1466.31,paid
441,262,2596,3997.84,2023-04-22,2023-10-19,,666.31,0.0,late
442,264,1631,3783.92,2023-12-14,2024-12-08,2023-12-19,315.33,1660.9,paid
443,265,1967,2498.09,2024-01-07,2024-04-06,,832.7,832.7,late
444,266,1063,1892.14,2021-07-08,2022-01-04,2021-10-13,315.36,1509.81,paid
445,266,1010,1797.8,2023-04-29,2023-10-26,2023-08-19,299.63,1500.19,paid
446,266,1232,2192.96,2024-06-22,2024-12-19,2024-08-06,365.49,1472.24,paid
447,267,1044,1733.04,2022-02-04,2022-08-03,2022-02-18,288.84,1097.59,paid
448,267,1262,2094.92,2024-01-25,2024-07-23,2024-03-04,349.15,1442.47,paid
449,268,3642,6045.72,2024-01-01,2024-06-29,2024-02-12,1007.62,4202.87,paid
450,268,4339,7202.74,2024-12-26,2025-06-24,2024-12-30,1200.46,4402.64,paid
451,269,1875,2606.25,2022-06-18,2022-09-16,2022-08-05,868.75,2265.0,paid
452,269,2179,3028.81,2024-01-09,2024-04-08,2024-01-24,1009.6,2320.64,paid
453,269,1864,2590.96,2024-09-05,2024-12-04,,863.65,863.65,late
454,271,1681,2790.46,2022-06-03,2022-11-30,2022-07-06,465.08,1884.4,paid
455,271,2359,3915.94,2024-01-24,2024-07-22,2024-06-15,652.66,3595.9,paid
456,272,6373,8476.09,2023-09-12,2023-12-11,2023-10-22,2825.36,7307.71,paid
457,272,4484,5963.72,2025-02-03,2025-05-04,2025-04-11,1987.91,5585.57,paid
458,273,14575,32065.0,2022-08-28,2024-08-17,2024-01-29,1336.04,27182.38,paid
459,274,16037,29508.08,2021-10-24,2022-10-19,2022-04-18,2459.01,22622.86,paid
460,274,2502,4603.68,2023-04-17,2024-04-11,2023-08-25,383.64,3260.94,paid
461,274,1451,2669.84,2024-12-07,2025-12-02,2025-03-30,222.49,1833.58,paid
462,275,3470,5343.8,2023-10-15,2024-04-12,2024-02-04,890.63,4635.92,paid
463,275,4439,6836.06,2024-09-09,2025-03-08,,1139.34,3418.03,late
464,276,1315,1748.95,2023-09-27,2023-12-26,2023-11-01,582.98,1483.76,paid
465,276,1401,1863.33,2024-11-20,2025-02-18,2025-01-02,621.11,1621.89,paid
466,277,8083,10265.41,2023-11-02,2024-01-31,2024-01-18,3421.8,9950.17,paid
467,277,8674,11015.98,2024-08-28,2024-11-26,2024-11-06,3671.99,10495.54,paid
468,278,10271,27526.28,2021-10-06,2023-09-26,2022-03-31,1146.93,14488.96,paid
469,278,5138,13769.84,2024-03-24,2026-03-14,2024-07-19,573.74,6540.67,paid
470,279,23520,51744.0,2021-09-21,2023-09-11,2021-12-02,2156.0,26342.4,paid
471,279,20352,44774.4,2024-07-07,2026-06-27,2024-11-23,1865.6,25066.88,paid
472,280,2188,2910.04,2021-07-13,2021-10-11,,970.01,1940.03,late
473,281,19985,31976.0,2022-08-23,2023-08-18,2022-12-22,2664.67,24015.31,paid
474,281,4954,7926.4,2024-01-15,2025-01-09,2024-10-02,660.53,7108.99,paid
475,282,8294,17251.52,2023-06-18,2024-06-12,2023-11-01,1437.63,11677.95,paid
476,283,2823,5024.94,2020-09-09,2021-03-08,2021-01-31,837.49,4584.55,paid
477,283,2364,4207.92,2022-06-01,2022-11-28,2022-06-06,701.32,2415.22,paid
478,283,1246,2217.88,2023-08-25,2024-02-21,2024-02-10,369.65,2158.49,paid
479,284,3719,9966.92,2024-12-23,2026-12-13,,415.29,1661.15,ongoing
480,285,7185,8909.4,2022-06-12,2023-06-07,2023-04-15,742.45,8655.53,paid
481,285,13424,16645.76,2023-11-04,2024-10-29,2024-09-25,1387.15,16341.48,paid
482,285,15677,19439.48,2025-03-28,2026-03-23,2025-04-12,1619.96,15833.77,paid
483,286,1012,1801.36,2023-01-07,2023-07-06,2023-06-07,300.23,1674.19,paid
484,286,1125,2002.5,2024-04-01,2024-09-28,2024-08-31,333.75,1866.0,paid
485,286,1126,2004.28,2025-02-25,2025-08-24,2025-04-13,334.05,1355.33,paid
486,287,12059,26529.8,2022-09-25,2024-09-14,2023-06-28,1105.41,17606.14,paid
487,288,14265,22824.0,2021-07-20,2022-07-15,,1902.0,19020.0,late
488,289,8018,12828.8,2024-01-10,2025-01-04,2024-06-11,1069.07,10062.59,paid
489,290,24117,64633.56,2022-03-26,2024-03-15,,2693.07,18851.46,late
490,291,15830,25328.0,2021-12-24,2022-12-19,2022-11-22,2110.67,24615.65,paid
491,291,5074,8118.4,2024-01-13,2025-01-07,2024-08-19,676.53,6926.01,paid
492,292,11333,24932.6,2022-04-23,2024-04-12,,1038.86,11427.44,late
493,293,33701,90318.68,2023-11-27,2025-11-16,2025-02-24,3763.28,69480.23,paid
494,295,1000,1330.0,2021-10-31,2022-01-29,2022-01-09,443.33,1256.67,paid
495,295,1000,1330.0,2023-03-25,2023-06-23,2023-05-21,443.33,1209.0,paid
496,295,1000,1330.0,2024-04-18,2024-07-17,2024-05-20,443.33,1117.33,paid
497,296,35445,52458.6,2022-12-05,2024-11-24,2024-07-07,2185.78,49150.4,paid
498,297,3064,3891.28,2023-05-20,2023-08-18,2023-07-10,1297.09,3532.79,paid
499,297,4228,5369.56,2024-01-15,2024-04-14,2024-01-31,1789.85,4430.94,paid
500,297,1957,2485.39,2025-01-09,2025-04-09,2025-02-16,828.46,2180.1,paid
501,298,1205,1674.95,2022-10-19,2023-01-17,2022-12-09,558.32,1471.31,paid
502,298,1692,2351.88,2024-06-10,2024-09-08,2024-07-09,783.96,1904.63,paid
503,299,1423,1977.97,2022-06-18,2022-09-16,2022-08-24,659.32,1836.14,paid
504,299,1246,1731.94,2023-11-10,2024-02-08,2023-12-28,577.31,1505.17,paid
505,299,1785,2481.15,2024-12-04,2025-03-04,2025-01-25,827.05,2187.22,paid
506,300,7922,14576.48,2021-07-07,2022-07-02,2022-02-27,1214.71,12265.9,paid
507,300,6276,11547.84,2023-10-25,2024-10-19,2024-08-10,962.32,10522.76,paid
508,301,5976,7589.52,2022-06-09,2022-09-07,2022-08-20,2529.84,7266.82,paid
509,301,4880,6197.6,2023-03-06,2023-06-04,2023-03-09,2065.87,4923.92,paid
510,301,2117,2688.59,2024-09-26,2024-12-25,2024-11-04,896.2,2364.69,paid
511,302,1025,1701.5,2021-12-24,2022-06-22,2022-04-14,283.58,1442.18,paid
512,302,1008,1673.28,2023-01-18,2023-07-17,2023-03-15,278.88,1214.98,paid
513,302,1249,2073.34,2024-07-11,2025-01-07,2024-08-30,345.56,1477.98,paid
514,303,2947,6837.04,2023-03-14,2024-03-08,2023-12-21,569.75,5994.2,paid
515,303,2816,6533.12,2024-08-05,2025-07-31,2024-10-10,544.43,3497.47,paid
516,304,1000,2320.0,2023-12-01,2024-11-25,2024-01-18,193.33,1176.0,paid
517,305,12804,34314.72,2021-10-05,2023-09-25,2021-10-20,1429.78,13252.14,paid
518,305,15094,40451.92,2024-02-22,2026-02-11,,1685.5,23596.95,ongoing
519,306,1007,1399.73,2022-11-06,2023-02-04,2022-11-22,466.58,1076.82,paid
520,306,1177,1636.03,2023-12-31,2024-03-30,2024-02-18,545.34,1426.92,paid
521,306,1045,1452.55,2025-04-24,2025-07-23,2025-04-24,484.18,1045.0,paid
522,307,14987,32971.4,2022-01-06,2023-12-27,2022-08-05,1373.81,20257.43,paid
523,307,17220,37884.0,2024-06-24,2026-06-14,,1578.5,15785.0,ongoing
524,308,9906,14660.88,2021-06-06,2023-05-27,2022-02-02,610.87,11497.56,paid
525,308,2761,4086.28,2024-05-21,2026-05-11,,170.26,1872.88,ongoing
526,310,19118,28294.64,2021-03-10,2023-02-28,2021-10-30,1178.94,22100.41,paid
527,310,29767,44055.16,2023-09-26,2025-09-15,,1835.63,34877.0,ongoing
528,312,1719,3059.82,2021-03-23,2021-09-19,,509.97,509.97,late
529,313,37056,81523.2,2022-06-29,2024-06-18,2024-06-11,3396.8,81090.88,paid
530,314,2802,4651.32,2022-09-24,2023-03-23,2023-02-15,775.22,4281.46,paid
531,314,1683,2793.78,2023-11-18,2024-05-16,,465.63,465.63,late
532,315,16410,30194.4,2021-04-13,2022-04-08,2021-04-24,2516.2,16831.19,paid
533,315,1310,2410.4,2023-05-03,2024-04-27,2024-01-13,200.87,2089.45,paid
534,315,14535,26744.4,2024-09-24,2025-09-19,2025-01-16,2228.7,18401.31,paid
535,316,1137,2023.86,2021-05-04,2021-10-31,2021-10-14,337.31,1940.1,paid
536,316,1232,2192.96,2022-04-29,2022-10-26,,365.49,1827.47,late
537,318,6885,11016.0,2021-10-14,2022-10-09,2022-04-24,918.0,9088.2,paid
538,318,12519,20030.4,2024-01-02,2024-12-27,2024-04-02,1669.2,14417.72,paid
539,320,1037,1379.21,2021-11-14,2022-02-12,2021-12-05,459.74,1116.85,paid
540,320,1175,1562.75,2022-10-10,2023-01-08,2023-01-02,520.92,1536.9,paid
541,320,1536,2042.88,2023-06-07,2023-09-05,2023-07-15,680.96,1750.02,paid
542,320,1121,1490.93,2024-09-29,2024-12-28,2024-11-11,496.98,1297.74,paid
543,321,1582,2104.06,2022-05-02,2022-07-31,2022-07-26,701.35,2075.06,paid
544,321,1175,1562.75,2023-09-24,2023-12-23,2023-10-14,520.92,1261.17,paid
545,321,1112,1478.96,2024-08-19,2024-11-17,2024-08-24,492.99,1132.39,paid
546,322,1035,1718.1,2022-02-20,2022-08-19,,286.35,1431.75,late
547,323,1658,2205.14,2024-06-24,2024-09-22,2024-09-08,735.05,2120.03,paid
548,324,2425,4316.5,2021-05-21,2021-11-17,2021-06-25,719.42,2792.79,paid
549,324,1800,3204.0,2022-04-16,2022-10-13,2022-09-11,534.0,2954.4,paid
550,324,2348,4179.44,2023-05-11,2023-11-07,,696.57,2089.72,late
551,325,2430,3231.9,2023-06-07,2023-09-05,2023-06-28,1077.3,2617.11,paid
552,325,5074,6748.42,2024-09-29,2024-12-28,,2249.47,4498.95,late
553,327,2537,4211.42,2021-01-16,2021-07-15,2021-02-01,701.9,2685.84,paid
554,327,1519,2521.54,2022-06-10,2022-12-07,2022-07-18,420.26,1730.65,paid
555,327,1531,2541.46,2023-11-02,2024-04-30,2023-11-22,423.58,1643.27,paid
556,327,1247,2070.02,2025-01-25,2025-07-24,2025-02-14,345.0,1338.45,paid
557,329,1245,2066.7,2023-09-23,2024-03-21,2023-11-16,344.45,1491.51,paid
558,331,2547,3540.33,2022-09-07,2022-12-06,2022-09-12,1180.11,2602.18,paid
559,331,2330,3238.7,2023-12-31,2024-03-30,2024-01-22,1079.57,2552.13,paid
560,331,2461,3420.79,2025-04-24,2025-07-23,2025-04-27,1140.26,2492.99,paid
561,332,10783,19840.72,2021-11-24,2022-11-19,2022-06-07,1653.39,15689.27,paid
562,332,7130,13119.2,2023-09-15,2024-09-09,2023-12-29,1093.27,8876.85,paid
563,333,1661,2956.58,2021-08-23,2022-02-19,2021-11-05,492.76,2193.63,paid
564,333,1220,2171.6,2022-12-16,2023-06-14,2023-03-20,361.93,1716.95,paid
565,333,2071,3686.38,2024-02-09,2024-08-07,2024-04-23,614.4,2735.1,paid
566,334,25962,32192.88,2021-09-09,2022-09-04,,2682.74,8048.22,late
567,335,1459,1809.16,2020-09-20,2021-09-15,2021-05-25,150.76,1699.25,paid
568,335,35284,43752.16,2022-05-13,2023-05-08,2022-11-05,3646.01,39423.99,paid
569,335,35048,43459.52,2023-10-05,2024-09-29,2024-04-08,3621.63,39393.95,paid
570,336,1665,2963.7,2021-07-10,2022-01-06,2021-11-30,493.95,2696.74,paid
571,336,1903,3387.34,2022-08-04,2023-01-31,2023-01-02,564.56,3148.2,paid
572,336,1570,2794.6,2023-10-28,2024-04-25,2024-01-12,465.77,2087.05,paid
573,336,1246,2217.88,2025-03-21,2025-09-17,2025-04-05,369.65,1326.99,paid
574,337,1427,1897.91,2021-04-14,2021-07-13,2021-06-04,632.64,1693.85,paid
575,337,1825,2427.25,2022-07-08,2022-10-06,2022-09-27,809.08,2367.03,paid
576,337,1587,2110.71,2023-04-04,2023-07-03,2023-06-17,703.57,2017.61,paid
577,337,1684,2239.72,2024-09-25,2024-12-24,2024-11-03,746.57,1924.81,paid
578,338,40199,73966.16,2021-08-20,2022-08-15,2022-03-04,6163.85,58583.34,paid
579,338,40746,74972.64,2023-02-11,2024-02-06,2023-03-24,6247.72,44644.03,paid
580,338,36323,66834.32,2024-11-02,2025-10-28,2024-12-05,5569.53,39119.87,paid
581,339,1782,2958.12,2021-11-21,2022-05-20,2022-03-20,493.02,2559.55,paid
582,339,1104,1832.64,2023-07-14,2024-01-10,2023-12-10,305.44,1707.15,paid
583,339,1783,2959.78,2025-03-05,2025-09-01,2025-04-10,493.3,2018.36,paid
584,340,1074,1363.98,2023-11-05,2024-02-03,,454.66,909.32,late
585,341,9970,14755.6,2021-05-29,2023-05-19,2022-02-18,614.82,11731.37,paid
586,341,17000,25160.0,2024-07-12,2026-07-02,2025-04-13,1048.33,20116.67,paid
587,342,39664,58702.72,2023-04-20,2025-04-09,2023-05-06,2445.95,40087.08,paid
588,343,1502,4025.36,2021-06-01,2023-05-22,2023-04-10,167.72,3878.16,paid
589,343,15026,40269.68,2024-02-16,2026-02-05,2025-01-30,1677.9,27262.17,paid
590,344,3724,4952.92,2023-01-31,2023-05-01,,1650.97,3301.95,late
591,345,14346,38447.28,2023-01-30,2025-01-19,2024-05-12,1601.97,30011.83,paid
592,346,1120,1993.6,2022-05-23,2022-11-19,,332.27,1661.33,late
593,347,1340,2385.2,2022-08-18,2023-02-14,,397.53,795.07,late
594,348,1667,2217.11,2021-09-26,2021-12-25,2021-12-05,739.04,2094.86,paid
595,348,1876,2495.08,2022-11-20,2023-02-18,2022-11-20,831.69,1876.0,paid
596,348,1206,1603.98,2023-11-15,2024-02-13,2024-01-25,534.66,1519.96,paid
597,349,3600,8352.0,2023-12-30,2024-12-24,2024-01-17,696.0,3837.6,paid
598,350,1089,1807.74,2021-01-07,2021-07-06,2021-02-25,301.29,1284.66,paid
599,350,1003,1664.98,2022-08-30,2023-02-26,2022-12-05,277.5,1359.73,paid
600,350,1087,1804.42,2023-08-25,2024-02-21,2023-12-16,300.74,1537.38,paid
601,350,1062,1762.92,2025-03-17,2025-09-13,2025-03-19,293.82,1069.79,paid
602,352,21064,26119.36,2024-03-28,2025-03-23,2025-01-16,2176.61,25192.54,paid
603,355,1656,2947.68,2020-11-22,2021-05-21,2021-03-25,491.28,2538.65,paid
604,355,2028,3609.84,2022-06-15,2022-12-12,2022-10-08,601.64,3038.62,paid
605,355,1023,1820.94,2023-10-08,2024-04-05,2023-10-27,303.49,1107.23,paid
606,356,1366,1816.78,2022-12-12,2023-03-12,,605.59,1211.19,late
607,357,32873,40762.52,2022-03-19,2023-03-14,2022-07-20,3396.88,35568.59,paid
608,357,23729,29423.96,2024-06-06,2025-06-01,2024-07-21,2452.0,24440.87,paid
609,358,1510,3503.2,2023-10-10,2024-10-04,2023-11-16,291.93,1714.86,paid
610,358,1382,3206.24,2025-04-02,2026-03-28,2025-04-12,267.19,1432.67,paid
611,359,4778,6354.74,2024-03-07,2024-06-05,2024-04-08,2118.25,5338.62,paid
612,360,46785,86084.4,2022-03-16,2023-03-11,,7173.7,28694.8,late
613,361,2069,2751.77,2022-10-22,2023-01-20,2022-12-15,917.26,2478.66,paid
614,361,1291,1717.03,2024-05-14,2024-08-12,,572.34,1144.69,late
615,363,1644,3814.08,2023-11-30,2024-11-24,,317.84,1907.04,late
616,365,1178,1637.42,2021-11-05,2022-02-03,2021-12-18,545.81,1397.5,paid
617,365,1003,1394.17,2022-11-30,2023-02-28,2022-12-24,464.72,1107.31,paid
618,365,1133,1574.87,2024-06-22,2024-09-20,2024-09-16,524.96,1555.23,paid
619,366,3653,4529.72,2022-05-12,2023-05-07,2022-07-06,377.48,3786.94,paid
620,366,19717,24449.08,2024-02-01,2025-01-26,2024-09-04,2037.42,22556.25,paid
621,367,1000,1660.0,2021-10-09,2022-04-07,2022-02-11,276.67,1458.33,paid
622,367,1000,1660.0,2023-09-29,2024-03-27,2024-02-01,276.67,1458.33,paid
623,368,1766,2931.56,2023-01-17,2023-07-16,,488.59,488.59,late
624,369,1795,2387.35,2022-06-07,2022-09-05,2022-08-20,795.78,2282.04,paid
625,369,1425,1895.25,2023-06-02,2023-08-31,,631.75,1263.5,late
626,370,17225,37895.0,2021-05-02,2023-04-22,2022-09-09,1578.96,31435.62,paid
627,370,14301,31462.2,2024-04-16,2026-04-06,,1310.92,15731.1,ongoing
628,372,12779,15845.96,2024-11-04,2025-10-30,2024-11-28,1320.5,12983.46,paid
629,374,3167,6967.4,2022-08-30,2024-08-19,2023-11-19,290.31,5521.14,paid
630,376,15084,33184.8,2020-11-22,2022-11-12,2020-12-12,1382.7,15586.8,paid
631,376,31792,69942.4,2024-05-05,2026-04-25,2024-08-28,2914.27,37885.47,paid
632,377,5750,13340.0,2023-10-17,2024-10-11,2024-08-16,1111.67,12159.33,paid
633,378,9518,11802.32,2021-04-02,2022-03-28,,983.53,10818.79,late
634,379,1370,1904.3,2021-09-01,2021-11-30,2021-11-12,634.77,1797.44,paid
635,379,1441,2002.99,2022-09-26,2022-12-25,,667.66,1335.33,late
636,381,5079,11173.8,2023-03-26,2025-03-15,2024-11-24,465.58,10234.19,paid
637,382,2030,2699.9,2021-03-12,2021-06-10,2021-05-26,899.97,2588.25,paid
638,382,1597,2124.01,2022-10-03,2023-01-01,2022-11-15,708.0,1848.79,paid
639,382,1358,1806.14,2023-12-27,2024-03-26,2024-02-09,602.05,1577.09,paid
640,382,1260,1675.8,2025-04-20,2025-07-19,2025-04-26,558.6,1287.72,paid
641,383,6676,8879.08,2023-03-22,2023-06-20,,2959.69,0.0,late
642,384,1952,4528.64,2022-12-06,2023-12-01,2023-07-19,377.39,3562.4,paid
643,385,28762,35664.88,2021-07-06,2022-07-01,2022-03-20,2972.07,33689.89,paid
644,385,36992,45870.08,2023-06-26,2024-06-20,2023-12-09,3822.51,41085.78,paid
645,385,38170,47330.8,2024-12-17,2025-12-12,2025-01-15,3944.23,38907.95,paid
646,386,1048,1739.68,2022-11-23,2023-05-22,2023-01-18,289.95,1263.19,paid
647,386,1023,1698.18,2024-11-12,2025-05-11,,283.03,1415.15,ongoing
648,387,16760,36872.0,2021-07-02,2023-06-22,2023-03-24,1536.33,34358.0,paid
649,387,7683,16902.6,2024-07-16,2026-07-06,2024-08-11,704.28,8015.93,paid
650,388,1872,3107.52,2021-07-11,2022-01-07,2021-12-22,517.92,2997.7,paid
651,388,2495,4141.7,2022-09-04,2023-03-03,2022-10-15,690.28,2870.08,paid
652,388,1582,2626.12,2024-03-27,2024-09-23,2024-06-06,437.69,1993.85,paid
653,388,1572,2609.52,2025-04-21,2025-10-18,2025-04-23,434.92,1583.53,paid
654,389,1107,1472.31,2022-04-19,2022-07-18,2022-07-10,490.77,1439.84,paid
655,389,1870,2487.1,2023-10-11,2024-01-09,2023-12-10,829.03,2281.4,paid
656,389,1010,1343.3,2024-12-04,2025-03-04,2024-12-07,447.77,1021.11,paid
657,390,2257,3137.23,2021-07-14,2021-10-12,2021-08-03,1045.74,2452.61,paid
658,390,1014,1409.46,2023-03-06,2023-06-04,2023-03-24,469.82,1093.09,paid
659,390,1443,2005.77,2024-10-26,2025-01-24,2025-01-14,668.59,1943.24,paid
660,391,13363,35812.84,2022-06-02,2024-05-22,2023-03-28,1492.2,22685.92,paid
661,391,9071,24310.28,2025-03-18,2027-03-08,2025-03-29,1012.93,9303.82,paid
662,392,7207,19314.76,2020-09-08,2022-08-29,,804.78,12876.51,late
663,393,2260,3005.8,2022-09-17,2022-12-16,2022-10-24,1001.93,2566.61,paid
664,393,2350,3125.5,2024-04-09,2024-07-08,2024-05-16,1041.83,2668.82,paid
665,394,1095,1949.1,2021-08-21,2022-02-17,2021-09-04,324.85,1161.43,paid
666,394,1407,2504.46,2022-09-15,2023-03-14,2023-03-13,417.41,2498.36,paid
667,394,1263,2248.14,2023-09-10,2024-03-08,2023-10-26,374.69,1514.76,paid
668,394,1104,1965.12,2025-03-03,2025-08-30,,327.52,327.52,ongoing
669,396,3367,7811.44,2023-08-10,2024-08-04,2023-10-29,650.95,4354.65,paid
670,397,9251,17021.84,2022-12-03,2023-11-28,,1418.49,0.0,late
671,398,8837,10957.88,2022-01-29,2023-01-24,2022-11-02,913.16,10468.9,paid
672,398,2194,2720.56,2023-06-23,2024-06-17,2024-03-07,226.71,2571.37,paid
673,398,6736,8352.64,2024-12-14,2025-12-09,2025-01-30,696.05,6947.06,paid
674,400,16855,24945.4,2023-03-11,2025-02-28,,1039.39,20787.83,late
675,402,1891,3139.06,2021-09-03,2022-03-02,2021-12-19,523.18,2632.9,paid
676,402,1061,1761.26,2023-05-26,2023-11-22,,293.54,293.54,late
677,404,1214,1614.62,2023-03-23,2023-06-21,2023-05-12,538.21,1436.57,paid
678,404,1392,1851.36,2024-06-15,2024-09-13,2024-08-03,617.12,1642.1,paid
679,405,1361,2259.26,2023-05-20,2023-11-16,2023-07-04,376.54,1585.57,paid
680,405,1940,3220.4,2025-04-09,2025-10-06,,536.73,0.0,ongoing
681,406,15554,41684.72,2021-10-26,2023-10-16,,1736.86,26052.95,late
682,409,1125,2610.0,2025-03-29,2026-03-24,,217.5,217.5,ongoing
683,410,41092,65747.2,2022-01-08,2023-01-03,2022-01-15,5478.93,41571.41,paid
684,410,5597,8955.2,2023-10-30,2024-10-24,2024-09-21,746.27,8647.37,paid
685,412,2554,3396.82,2021-02-20,2021-05-21,,1132.27,2264.55,late
686,413,2089,2653.03,2024-02-14,2024-05-14,2024-03-24,884.34,2333.41,paid
687,413,1998,2537.46,2025-04-09,2025-07-08,2025-04-10,845.82,2003.99,paid
688,415,1293,1719.69,2022-10-09,2023-01-07,,573.23,0.0,late
689,416,4852,8054.32,2023-12-17,2024-06-14,,1342.39,6711.93,late
690,417,1117,1485.61,2022-08-08,2022-11-06,2022-10-29,495.2,1452.84,paid
691,417,1214,1614.62,2023-12-01,2024-02-29,2023-12-11,538.21,1258.51,paid
692,417,1444,1920.52,2025-02-23,2025-05-24,2025-03-18,640.17,1565.78,paid
693,418,1111,1477.63,2021-09-06,2021-12-05,2021-09-16,492.54,1151.74,paid
694,418,1744,2319.52,2023-05-29,2023-08-27,2023-06-22,773.17,1897.47,paid
695,418,1683,2238.39,2024-05-23,2024-08-21,,746.13,0.0,late
696,419,1891,3365.98,2022-11-27,2023-05-26,2023-03-15,561.0,2775.99,paid
697,419,1837,3269.86,2024-04-20,2024-10-17,,544.98,544.98,late
698,420,1094,1520.66,2022-01-12,2022-04-12,2022-01-24,506.89,1150.89,paid
699,420,1180,1640.2,2023-06-06,2023-09-04,,546.73,0.0,late
700,421,19223,42290.6,2022-11-12,2024-11-01,2023-04-26,1762.11,24509.33,paid
701,422,1832,2546.48,2022-09-21,2022-12-20,2022-09-23,848.83,1847.88,paid
702,422,1250,1737.5,2024-02-13,2024-05-13,2024-04-09,579.17,1553.33,paid
703,422,2003,2784.17,2024-12-09,2025-03-09,2024-12-21,928.06,2107.16,paid
704,423,17329,46441.72,2020-10-21,2022-10-11,2021-11-14,1935.07,33057.96,paid
705,423,8002,21445.36,2024-03-04,2026-02-22,,893.56,12509.79,ongoing
706,425,3163,7338.16,2023-12-03,2024-11-27,2024-11-09,611.51,7129.4,paid
707,426,1206,1531.62,2023-03-16,2023-06-14,2023-05-25,510.54,1459.26,paid
708,426,1511,1918.97,2024-02-09,2024-05-09,,639.66,1279.31,late
709,427,26438,39128.24,2021-03-11,2023-03-01,2021-06-14,1630.34,28112.41,paid
710,427,37089,54891.72,2024-07-23,2026-07-13,2024-07-25,2287.16,37138.45,paid
711,428,1747,2428.33,2022-06-06,2022-09-04,2022-08-22,809.44,2329.92,paid
712,428,1362,1893.18,2024-01-27,2024-04-26,2024-03-20,631.06,1674.81,paid
713,428,1349,1875.11,2024-11-22,2025-02-20,2024-11-30,625.04,1395.77,paid
714,429,1156,1468.12,2023-05-18,2023-08-16,2023-06-11,489.37,1239.23,paid
715,429,1391,1766.57,2024-07-11,2024-10-09,2024-09-30,588.86,1729.01,paid
716,430,2968,3947.44,2023-11-08,2024-02-06,2024-01-19,1315.81,3751.55,paid
717,431,1724,2654.96,2023-03-19,2023-09-15,2023-05-19,442.49,2039.49,paid
718,431,3104,4780.16,2025-03-08,2025-09-04,2025-04-17,796.69,3476.48,paid
719,432,1467,2435.22,2023-01-27,2023-07-26,2023-04-29,405.87,1961.87,paid
720,432,1141,1894.06,2024-05-21,2024-11-17,2024-11-13,315.68,1877.33,paid
721,433,22690,60809.2,2024-09-29,2026-09-19,2025-03-12,2533.72,31372.71,paid
722,434,5656,11764.48,2022-12-09,2023-12-04,2023-10-04,980.37,10729.43,paid
723,434,4931,10256.48,2025-03-28,2026-03-23,2025-04-25,854.71,5345.2,paid
724,435,6026,7653.02,2023-02-16,2023-05-17,2023-04-26,2551.01,7273.38,paid
725,435,2057,2612.39,2023-12-13,2024-03-12,2024-01-09,870.8,2223.62,paid
726,435,9158,11630.66,2025-03-07,2025-06-05,2025-04-24,3876.89,10476.75,paid
727,436,3017,6637.4,2021-08-08,2023-07-29,2021-09-08,276.56,3172.88,paid
728,436,23106,50833.2,2024-05-24,2026-05-14,2024-11-03,2118.05,29383.13,paid
729,437,1178,1637.42,2022-03-16,2022-06-14,2022-03-20,545.81,1198.42,paid
730,437,1434,1993.26,2023-08-08,2023-11-06,,664.42,664.42,late
731,438,1334,1774.22,2022-10-11,2023-01-09,2022-10-31,591.41,1431.83,paid
732,438,2395,3185.35,2024-02-03,2024-05-03,2024-03-08,1061.78,2693.58,paid
733,439,1849,2570.11,2022-10-07,2023-01-05,,856.7,0.0,late
734,440,15390,33858.0,2021-06-11,2023-06-01,2022-09-17,1410.75,27265.95,paid
735,440,17700,38940.0,2024-08-24,2026-08-14,2024-11-13,1622.5,20089.5,paid
736,442,19473,28820.04,2022-10-18,2024-10-07,2023-08-21,1200.84,23458.47,paid
737,443,34569,92644.92,2023-12-07,2025-11-26,2024-06-03,3860.2,49007.32,paid
738,444,1187,1578.71,2022-01-13,2022-04-13,2022-02-23,526.24,1365.45,paid
739,444,1004,1335.32,2022-12-09,2023-03-09,,445.11,445.11,late
740,445,1063,1764.58,2022-01-24,2022-07-23,2022-04-30,294.1,1437.18,paid
741,445,1029,1708.14,2023-01-19,2023-07-18,2023-01-31,284.69,1074.28,paid
742,445,1091,1811.06,2024-10-10,2025-04-08,2024-11-24,301.84,1271.02,paid
743,447,1000,1780.0,2020-08-11,2021-02-07,2020-08-18,296.67,1030.33,paid
744,447,1000,1780.0,2021-09-05,2022-03-04,2022-01-04,296.67,1524.33,paid
745,447,1000,1780.0,2023-08-26,2024-02-22,2024-01-08,296.67,1585.0,paid
746,448,1035,1842.3,2021-10-21,2022-04-19,2021-12-26,307.05,1331.01,paid
747,448,1064,1893.92,2022-12-15,2023-06-13,2023-03-12,315.65,1465.13,paid
748,448,1086,1933.08,2024-11-04,2025-05-03,2025-02-02,322.18,1509.54,paid
749,449,8465,13036.1,2022-10-30,2023-04-28,,2172.68,0.0,late
750,450,1781,2475.59,2022-04-06,2022-07-05,2022-06-16,825.2,2328.95,paid
751,450,1006,1398.34,2023-03-02,2023-05-31,2023-05-06,466.11,1289.36,paid
752,450,1836,2552.04,2023-12-27,2024-03-26,2024-01-19,850.68,2018.99,paid
753,450,1874,2604.86,2025-04-20,2025-07-19,2025-04-27,868.29,1930.84,paid
754,451,1976,3280.16,2022-04-09,2022-10-06,2022-04-21,546.69,2062.94,paid
755,451,1116,1852.56,2023-10-31,2024-04-28,2023-11-24,308.76,1214.21,paid
756,452,9638,14264.24,2023-03-12,2025-03-01,2024-11-26,594.34,13653.83,paid
757,453,1402,2327.32,2021-07-09,2022-01-05,2021-07-16,387.89,1437.98,paid
758,453,1545,2564.7,2022-07-04,2022-12-31,2022-07-13,427.45,1595.99,paid
759,453,2260,3751.6,2023-12-26,2024-06-23,2024-02-27,625.27,2782.06,paid
760,454,17981,33085.04,2022-07-14,2023-07-09,2022-07-15,2757.09,18022.96,paid
761,454,3467,6379.28,2024-01-05,2024-12-30,2024-09-04,531.61,5432.79,paid
762,455,1350,1674.0,2023-02-13,2024-02-08,,139.5,837.0,late
763,456,8511,15660.24,2022-03-28,2023-03-23,2022-04-28,1305.02,9126.63,paid
764,456,11721,21566.64,2024-08-14,2025-08-09,2025-02-11,1797.22,16671.17,paid
765,458,1544,2748.32,2022-09-11,2023-03-10,2023-02-10,458.05,2560.98,paid
766,458,1671,2974.38,2024-02-03,2024-08-01,,495.73,991.46,late
767,459,1402,1864.66,2022-07-13,2022-10-11,,621.55,0.0,late
768,460,4584,6784.32,2022-04-20,2024-04-09,2023-07-18,282.68,5971.42,paid
769,460,6248,9247.04,2025-01-04,2026-12-25,,385.29,1155.88,ongoing
770,461,5163,6866.79,2023-10-13,2024-01-11,,2288.93,0.0,late
771,462,32284,59402.56,2025-01-19,2026-01-14,2025-04-20,4950.21,39138.97,paid
772,463,1046,1736.36,2023-04-13,2023-10-10,2023-04-17,289.39,1061.34,paid
773,463,1044,1733.04,2024-12-03,2025-06-01,2025-03-22,288.84,1461.25,paid
774,465,6992,10348.16,2023-10-21,2025-10-10,,431.17,7761.12,ongoing
775,466,1658,3448.64,2023-12-19,2024-12-13,2024-06-20,287.39,2573.22,paid
776,467,1224,2031.84,2021-10-29,2022-04-27,,338.64,338.64,late
777,468,1995,4149.6,2022-08-31,2023-08-26,2022-11-06,345.8,2395.99,paid
778,468,1451,3018.08,2024-12-18,2025-12-13,2025-01-25,251.51,1616.41,paid
779,469,1049,2433.68,2023-11-16,2024-11-10,2023-11-22,202.81,1072.08,paid
780,470,38614,71049.76,2022-02-13,2023-02-08,2022-07-28,5920.81,53480.39,paid
781,470,5749,10578.16,2024-08-01,2025-07-27,2024-11-15,881.51,7170.92,paid
782,471,23219,51081.8,2022-08-20,2024-08-09,,2128.41,12770.45,late
783,472,1431,1989.09,2022-08-22,2022-11-20,2022-11-15,663.03,1958.09,paid
784,472,1617,2247.63,2023-12-15,2024-03-14,2024-01-07,749.21,1778.16,paid
785,472,1753,2436.67,2024-10-10,2025-01-08,,812.22,812.22,late
786,473,2328,3864.48,2022-05-06,2022-11-02,,644.08,1932.24,late
787,474,3597,7481.76,2023-02-22,2024-02-17,2023-02-25,623.48,3629.37,paid
788,474,1594,3315.52,2024-11-13,2025-11-08,2025-01-05,276.29,1847.45,paid
789,475,5015,6218.6,2022-11-07,2023-11-02,2023-07-28,518.22,5894.3,paid
790,475,14710,18240.4,2024-11-26,2025-11-21,2025-01-19,1520.03,15239.56,paid
791,476,1431,3319.92,2023-06-18,2024-06-12,2024-01-08,276.66,2501.39,paid
792,477,1000,1660.0,2022-10-06,2023-04-04,2023-02-26,276.67,1524.33,paid
793,477,1000,1660.0,2024-04-28,2024-10-25,2024-09-16,276.67,1517.0,paid
794,478,11026,16318.48,2022-04-10,2024-03-30,2022-12-18,679.94,12878.37,paid
795,479,2105,3241.7,2024-09-21,2025-03-20,2025-01-05,540.28,2774.39,paid
796,480,18131,29009.6,2022-11-26,2023-11-21,2023-08-05,2417.47,25746.02,paid
797,480,21097,33755.2,2025-01-14,2026-01-09,2025-04-02,2812.93,23839.61,paid
798,481,2638,5803.6,2023-09-23,2025-09-12,,241.82,4594.52,ongoing
799,482,1152,1912.32,2022-06-24,2022-12-21,2022-11-26,318.72,1806.72,paid
800,482,1143,1897.38,2024-04-14,2024-10-11,2024-08-26,316.23,1704.59,paid
801,483,1316,1671.32,2024-08-31,2024-11-29,2024-11-17,557.11,1623.94,paid
802,484,2592,6013.44,2023-04-05,2024-03-30,2024-01-06,501.12,5215.1,paid
803,484,3398,7883.36,2025-04-24,2026-04-19,2025-04-27,656.95,3435.38,paid
804,485,15734,25174.4,2024-01-20,2025-01-14,2024-05-24,2097.87,19011.92,paid
805,486,1350,2808.0,2024-09-16,2025-09-11,2025-01-09,234.0,1815.75,paid
806,487,8815,14104.0,2021-06-14,2022-06-09,2021-10-17,1175.33,10651.46,paid
807,487,7285,11656.0,2023-06-04,2024-05-29,2023-06-07,971.33,7321.43,paid
808,488,34246,63012.64,2025-01-09,2026-01-04,2025-04-25,5251.05,42716.18,paid
809,489,7376,9146.24,2021-03-21,2022-03-16,,762.19,4573.12,late
810,490,1907,3394.46,2021-03-05,2021-09-01,2021-06-13,565.74,2733.37,paid
811,490,1705,3034.9,2023-02-23,2023-08-22,2023-03-03,505.82,1764.11,paid
812,490,1946,3463.88,2024-10-15,2025-04-13,2024-11-25,577.31,2291.74,paid
813,491,5261,6681.47,2023-08-08,2023-11-06,2023-09-09,2227.16,5766.06,paid
814,491,2023,2569.21,2024-11-30,2025-02-28,2025-01-22,856.4,2344.66,paid
815,492,1293,1719.69,2021-10-07,2022-01-05,2021-10-08,573.23,1297.74,paid
816,492,1483,1972.39,2023-06-29,2023-09-27,,657.46,0.0,late
817,493,1209,2006.94,2021-10-30,2022-04-28,2022-03-11,334.49,1794.16,paid
818,493,1343,2229.38,2023-07-22,2024-01-18,2023-09-29,371.56,1682.78,paid
819,493,1248,2071.68,2024-06-16,2024-12-13,2024-07-28,345.28,1440.19,paid
820,494,2302,3061.66,2022-01-23,2022-04-23,2022-03-21,1020.55,2783.12,paid
821,494,1597,2124.01,2022-11-19,2023-02-17,2022-12-26,708.0,1813.66,paid
822,494,1107,1472.31,2024-02-12,2024-05-12,,490.77,490.77,late
823,495,8822,13056.56,2023-02-18,2025-02-07,2024-09-19,544.02,12227.29,paid
824,496,9234,20314.8,2021-03-01,2023-02-19,,846.45,14389.65,late
825,497,1319,1754.27,2021-10-27,2022-01-25,,584.76,584.76,late
826,499,1812,3225.36,2021-01-16,2021-07-15,2021-02-03,537.56,1953.34,paid
827,499,2588,4606.64,2022-02-10,2022-08-09,2022-02-16,767.77,2655.29,paid
828,499,2068,3681.04,2023-08-04,2024-01-31,2023-10-21,613.51,2766.98,paid
829,499,1042,1854.76,2024-06-29,2024-12-26,2024-10-14,309.13,1525.14,paid
830,501,5028,6385.56,2023-11-25,2024-02-23,,2128.52,2128.52,late
831,502,19219,42281.8,2021-07-14,2023-07-04,2022-11-26,1761.74,35234.83,paid
832,502,17405,38291.0,2024-01-30,2026-01-19,,1595.46,23931.88,ongoing
833,503,1000,1660.0,2021-03-11,2021-09-07,2021-05-04,276.67,1198.0,paid
834,503,1000,1660.0,2022-02-04,2022-08-03,2022-03-19,276.67,1157.67,paid
835,503,1000,1660.0,2023-05-30,2023-11-26,2023-09-30,276.67,1451.0,paid
836,503,1000,1660.0,2025-01-19,2025-07-18,2025-02-13,276.67,1091.67,paid
837,504,1590,2210.1,2022-09-02,2022-12-01,2022-11-09,736.7,2058.52,paid
838,504,1232,1712.48,2023-10-27,2024-01-25,2023-12-29,570.83,1568.34,paid
839,504,1732,2407.48,2024-07-23,2024-10-21,2024-08-18,802.49,1927.14,paid
840,504,1709,2375.51,2025-03-20,2025-06-18,,791.84,791.84,ongoing
841,505,1285,1978.9,2023-02-22,2023-08-21,2023-02-27,329.82,1304.28,paid
842,505,2036,3135.44,2024-06-16,2024-12-13,2024-12-03,522.57,3074.36,paid
843,506,26274,42038.4,2024-04-25,2025-04-20,,3503.2,0.0,late
844,507,6791,10865.6,2023-10-27,2024-10-21,2024-07-08,905.47,9677.17,paid
845,508,1157,1781.78,2023-07-17,2024-01-13,,296.96,0.0,late
846,509,1000,1330.0,2021-06-28,2021-09-26,2021-09-23,443.33,1319.0,paid
847,509,1000,1330.0,2022-07-23,2022-10-21,2022-09-21,443.33,1220.0,paid
848,509,1000,1330.0,2023-08-17,2023-11-15,2023-09-16,443.33,1110.0,paid
849,509,1000,1330.0,2025-02-07,2025-05-08,,443.33,886.67,ongoing
850,510,2547,3387.51,2023-03-16,2023-06-14,2023-05-11,1129.17,3069.98,paid
851,510,2195,2919.35,2024-03-10,2024-06-08,2024-04-25,973.12,2565.22,paid
852,511,1956,2601.48,2024-05-15,2024-08-13,2024-08-05,867.16,2544.1,paid
853,513,1080,1792.8,2022-07-29,2023-01-25,2022-09-01,298.8,1214.64,paid
854,513,1039,1724.74,2024-01-20,2024-07-18,2024-03-01,287.46,1195.2,paid
855,514,11380,30498.4,2023-09-22,2025-09-11,2024-07-20,1270.77,19399.11,paid
856,516,8680,23262.4,2022-06-13,2024-06-02,2022-08-09,969.27,9834.44,paid
857,516,12825,34371.0,2024-10-30,2026-10-20,,1432.12,8592.75,ongoing
858,517,26086,57389.2,2023-11-29,2025-11-18,2025-01-15,2391.22,44041.86,paid
859,518,9228,14764.8,2021-10-20,2022-10-15,2022-01-31,1230.4,10812.14,paid
860,518,4192,6707.2,2023-05-13,2024-05-07,2023-10-27,558.93,5358.77,paid
861,518,9602,15363.2,2025-04-02,2026-03-28,,1280.27,0.0,ongoing
862,520,2074,3691.72,2021-11-27,2022-05-26,2021-11-30,615.29,2100.96,paid
863,520,1514,2694.92,2023-08-19,2024-02-15,2023-12-31,449.15,2393.13,paid
864,521,1400,1862.0,2022-01-28,2022-04-28,2022-04-04,620.67,1738.8,paid
865,521,1135,1509.55,2023-01-23,2023-04-23,2023-04-10,503.18,1455.45,paid
866,521,2665,3544.45,2024-05-17,2024-08-15,2024-05-23,1181.48,2723.63,paid
867,522,1197,1663.83,2021-09-13,2021-12-12,2021-10-31,554.61,1445.98,paid
868,522,1181,1641.59,2023-04-06,2023-07-05,2023-05-15,547.2,1380.59,paid
869,522,1491,2072.49,2024-03-31,2024-06-29,,690.83,690.83,late
870,523,1261,2622.88,2024-05-03,2025-04-28,,218.57,1748.59,late
871,524,1009,1796.02,2022-03-20,2022-09-16,2022-04-21,299.34,1148.91,paid
872,524,1124,2000.72,2023-06-13,2023-12-10,2023-06-29,333.45,1201.93,paid
873,524,1187,2112.86,2025-04-03,2025-09-30,2025-04-28,352.14,1315.59,paid
874,525,1721,2856.86,2023-09-06,2024-03-04,2024-02-02,476.14,2661.24,paid
875,525,2192,3638.72,2024-12-29,2025-06-27,2025-03-21,606.45,2851.06,paid
876,526,35996,66232.64,2022-07-22,2023-07-17,2023-02-18,5519.39,53718.03,paid
877,526,10167,18707.28,2024-03-13,2025-03-08,,1558.94,1558.94,late
878,527,29642,65212.4,2020-12-15,2022-12-05,2022-10-07,2717.18,62297.6,paid
879,527,8250,18150.0,2024-05-28,2026-05-18,2024-07-09,756.25,8827.5,paid
880,528,1711,2840.26,2022-01-11,2022-07-10,,473.38,946.75,late
881,529,1441,3343.12,2023-08-02,2024-07-27,2024-07-11,278.59,3258.58,paid
882,529,3373,7825.36,2025-04-23,2026-04-18,2025-04-26,652.11,3410.1,paid
883,530,1053,1747.98,2022-02-17,2022-08-16,2022-04-14,291.33,1269.22,paid
884,530,1027,1704.82,2023-03-14,2023-09-10,2023-05-20,284.14,1279.3,paid
885,530,1004,1666.64,2024-09-04,2025-03-03,2025-01-16,277.77,1497.3,paid
886,531,28519,62741.8,2021-01-20,2023-01-10,2021-08-12,2614.24,38215.46,paid
887,531,13420,29524.0,2023-09-07,2025-08-27,,1230.17,24603.33,ongoing
888,532,3124,7247.68,2023-03-11,2024-03-05,2023-03-24,603.97,3272.91,paid
889,532,1956,4537.92,2025-01-29,2026-01-24,2025-02-12,378.16,2056.41,paid
890,533,9051,24256.68,2024-07-28,2026-07-18,,1010.7,9096.26,ongoing
891,534,27609,73992.12,2021-07-15,2023-07-05,2022-08-27,3083.01,53892.77,paid
892,534,19009,50944.12,2024-03-31,2026-03-21,,2122.67,27594.73,ongoing
893,535,31397,84143.96,2020-12-17,2022-12-07,2021-12-08,3506.0,57477.44,paid
894,535,24054,64464.72,2023-09-03,2025-08-23,,2686.03,53720.6,ongoing
895,536,1841,2448.53,2021-07-19,2021-10-17,2021-09-03,816.18,2151.52,paid
896,536,1131,1504.23,2022-08-13,2022-11-11,,501.41,501.41,late
897,537,2573,5351.84,2023-08-04,2024-07-29,2024-07-05,445.99,5166.58,paid
898,537,2259,4698.72,2025-04-25,2026-04-20,2025-04-28,391.56,2279.33,paid
899,538,25500,56100.0,2022-02-06,2024-01-27,2022-06-17,2337.5,31067.5,paid
900,538,19759,43469.8,2024-07-25,2026-07-15,2025-03-25,1811.24,27761.4,paid
901,540,1066,1897.48,2021-06-02,2021-11-29,2021-08-29,316.25,1472.5,paid
902,540,1051,1870.78,2022-07-27,2023-01-23,,311.8,935.39,late
903,541,1119,2327.52,2024-01-18,2025-01-12,,193.96,0.0,late
904,542,26418,48609.12,2022-10-25,2023-10-20,2023-06-30,4050.76,41705.22,paid
905,542,17434,32078.56,2025-04-12,2026-04-07,2025-05-01,2673.21,18206.91,paid
906,543,3890,6457.4,2024-01-29,2024-07-27,2024-05-13,1076.23,5387.65,paid
907,544,1066,1417.78,2021-10-25,2022-01-23,2022-01-09,472.59,1363.06,paid
908,544,1324,1760.92,2022-08-21,2022-11-19,2022-10-15,586.97,1591.01,paid
909,544,1505,2001.65,2024-02-12,2024-05-12,2024-04-26,667.22,1913.36,paid
910,544,1012,1345.96,2025-04-07,2025-07-06,2025-04-26,448.65,1082.5,paid
911,545,43403,95486.6,2021-11-25,2023-11-15,2022-03-02,3978.61,50419.82,paid
912,545,8127,17879.4,2024-05-13,2026-05-03,2024-12-09,744.98,10971.45,paid
913,548,32760,48484.8,2023-06-08,2025-05-28,,2020.2,46464.6,ongoing
914,551,2598,3455.34,2024-01-24,2024-04-23,2024-02-01,1151.78,2674.21,paid
915,551,1932,2569.56,2025-01-18,2025-04-18,2025-01-23,856.52,1967.42,paid
916,552,1996,3313.36,2020-12-03,2021-06-01,2021-05-10,552.23,3152.35,paid
917,552,1144,1899.04,2022-05-27,2022-11-23,,316.51,633.01,late
918,554,11228,20659.52,2022-05-06,2023-05-01,2022-12-17,1721.63,17122.7,paid
919,554,19015,34987.6,2024-06-24,2025-06-19,,2915.63,29156.33,ongoing
920,557,1154,1915.64,2021-10-14,2022-04-12,2022-04-10,319.27,1907.18,paid
921,557,1725,2863.5,2023-10-04,2024-04-01,2023-12-22,477.25,2224.68,paid
922,558,16413,20352.12,2025-04-21,2026-04-16,2025-04-27,1696.01,16478.65,paid
923,559,1793,3729.44,2023-06-11,2024-06-05,2024-05-11,310.79,3594.97,paid
924,559,1526,3174.08,2025-04-01,2026-03-27,,264.51,264.51,ongoing
925,560,1926,2677.14,2021-04-09,2021-07-08,2021-05-21,892.38,2276.53,paid
926,560,1738,2415.82,2022-04-04,2022-07-03,2022-06-29,805.27,2385.69,paid
927,560,1096,1523.44,2022-12-30,2023-03-30,2023-02-18,507.81,1333.47,paid
928,560,1101,1530.39,2024-02-23,2024-05-23,2024-03-17,510.13,1210.73,paid
929,560,1310,1820.9,2025-01-18,2025-04-18,2025-03-25,606.97,1684.66,paid
930,561,18852,50523.36,2024-01-06,2025-12-26,2024-07-29,2105.14,27869.54,paid
931,562,1299,1727.67,2022-02-22,2022-05-23,2022-05-16,575.89,1694.33,paid
932,562,1095,1456.35,2023-06-17,2023-09-15,2023-07-11,485.45,1191.36,paid
933,562,1125,1496.25,2024-06-11,2024-09-09,2024-07-11,498.75,1248.75,paid
934,563,1173,1947.18,2021-04-14,2021-10-11,,324.53,973.59,late
935,564,1137,2023.86,2021-09-09,2022-03-08,2021-11-23,337.31,1506.53,paid
936,564,1918,3414.04,2023-01-02,2023-07-01,2023-06-02,569.01,3173.01,paid
937,564,1347,2397.66,2024-05-26,2024-11-22,2024-05-28,399.61,1358.67,paid
938,566,1637,2275.43,2022-04-19,2022-07-18,,758.48,1516.95,late
939,567,1117,1988.26,2022-06-21,2022-12-18,2022-10-31,331.38,1755.92,paid
940,567,1142,2032.76,2024-06-10,2024-12-07,2024-12-03,338.79,2012.97,paid
941,568,3419,5470.4,2023-09-14,2024-09-08,2024-01-11,455.87,4097.1,paid
942,569,23502,29142.48,2022-06-21,2023-06-16,2022-09-17,2428.54,24880.78,paid
943,569,6265,7768.6,2024-11-07,2025-11-02,2025-02-22,647.38,6711.9,paid
944,570,1364,2264.24,2021-03-24,2021-09-20,2021-06-09,377.37,1749.1,paid
945,570,1544,2563.04,2023-01-13,2023-07-12,2023-01-13,427.17,1544.0,paid
946,570,2611,4334.26,2024-08-05,2025-02-01,2025-01-21,722.38,4228.95,paid
947,571,1301,1730.33,2021-09-15,2021-12-14,,576.78,576.78,late
948,572,13619,36498.92,2022-03-19,2024-03-08,2023-10-19,1520.79,32018.27,paid
949,573,1005,1668.3,2021-12-20,2022-06-18,2022-04-28,278.05,1480.37,paid
950,573,1312,2177.92,2023-09-11,2024-03-09,,362.99,1088.96,late
951,575,1404,2330.64,2021-09-14,2022-03-13,2022-01-22,388.44,2073.24,paid
952,575,1794,2978.04,2023-06-06,2023-12-03,2023-07-20,496.34,2083.43,paid
953,576,3567,5921.22,2024-01-03,2024-07-01,2024-01-20,986.87,3789.34,paid
954,576,4791,7953.06,2024-12-28,2025-06-26,,1325.51,5302.04,ongoing
955,577,5114,11250.8,2021-12-30,2023-12-20,2022-05-18,468.78,6298.74,paid
956,577,28729,63203.8,2024-08-16,2026-08-06,2024-10-16,2633.49,31649.78,paid
957,578,1310,2174.6,2020-07-17,2021-01-13,,362.43,362.43,late
958,580,1140,1516.2,2021-02-02,2021-05-03,2021-03-26,505.4,1357.36,paid
959,580,1074,1428.42,2022-07-27,2022-10-25,2022-08-21,476.14,1172.45,paid
960,580,1055,1403.15,2023-06-22,2023-09-20,2023-09-11,467.72,1368.34,paid
961,580,1085,1443.05,2025-01-12,2025-04-12,2025-02-11,481.02,1204.35,paid
962,581,1000,1330.0,2022-01-27,2022-04-27,,443.33,0.0,late
963,583,1566,2599.56,2023-12-19,2024-06-16,2023-12-25,433.26,1600.45,paid
964,584,4381,8061.04,2024-06-25,2025-06-20,2024-10-25,671.75,5628.12,paid
965,585,10455,16728.0,2024-09-08,2025-09-03,2024-12-12,1394.0,12110.38,paid
966,587,1310,1820.9,2021-06-08,2021-09-06,2021-07-30,606.97,1605.19,paid
967,587,1228,1706.92,2022-04-04,2022-07-03,2022-05-17,568.97,1456.82,paid
968,587,1354,1882.06,2023-01-29,2023-04-29,,627.35,1254.71,late
969,588,1853,2353.31,2023-11-29,2024-02-27,2024-01-19,784.44,2136.51,paid
970,589,6307,9334.36,2021-11-19,2023-11-09,2021-12-11,388.93,6399.5,paid
971,590,2575,5356.0,2024-12-29,2025-12-24,2025-01-30,446.33,2822.2,paid
972,591,2737,5692.96,2024-01-18,2025-01-12,2024-12-22,474.41,5520.53,paid
973,592,8817,23629.56,2022-11-07,2024-10-27,2023-01-18,984.57,10298.26,paid
974,593,2390,3322.1,2021-03-24,2021-06-22,,1107.37,2214.73,late
975,594,1131,1572.09,2022-05-11,2022-08-09,,524.03,524.03,late
976,595,35336,77739.2,2022-01-03,2023-12-24,2022-01-11,3239.13,35807.15,paid
977,595,32988,72573.6,2024-12-18,2026-12-08,2025-04-06,3023.9,38980.82,paid
978,597,13628,29981.6,2022-02-24,2024-02-14,2022-04-23,1249.23,14945.37,paid
979,598,1597,2651.02,2021-09-29,2022-03-28,2021-10-01,441.84,1608.71,paid
980,598,2195,3643.7,2023-01-22,2023-07-21,,607.28,3036.42,late
981,599,1712,2276.96,2021-11-11,2022-02-09,2021-11-11,758.99,1712.0,paid
982,599,1277,1698.41,2022-08-08,2022-11-06,2022-09-10,566.14,1431.52,paid
983,599,1740,2314.2,2023-09-02,2023-12-01,2023-09-19,771.4,1848.46,paid
984,599,1799,2392.67,2024-09-26,2024-12-25,2024-10-14,797.56,1917.73,paid
985,600,4602,7363.2,2022-06-26,2023-06-21,2023-04-08,613.6,6795.62,paid
986,600,10510,16816.0,2024-01-17,2025-01-11,2024-09-09,1401.33,14643.93,paid
987,601,10181,18733.04,2022-11-03,2023-10-29,2022-12-19,1561.09,11273.76,paid
988,601,9761,17960.24,2025-03-22,2026-03-17,2025-04-21,1496.69,10444.27,paid
989,603,4759,7899.94,2024-11-29,2025-05-28,,1316.66,6583.28,ongoing
990,604,2319,4127.82,2022-12-13,2023-06-11,2022-12-17,687.97,2359.2,paid
991,604,2100,3738.0,2024-01-07,2024-07-05,2024-01-09,623.0,2118.2,paid
992,605,1405,1868.65,2022-05-25,2022-08-23,,622.88,0.0,late
993,606,1366,1816.78,2023-05-05,2023-08-03,,605.59,1211.19,late
994,607,1711,2634.94,2023-10-16,2024-04-13,2024-02-02,439.16,2270.5,paid
995,607,2451,3774.54,2025-04-08,2025-10-05,2025-04-17,629.09,2517.18,paid
996,608,1105,1834.3,2022-01-26,2022-07-25,2022-02-14,305.72,1181.98,paid
997,608,1075,1784.5,2023-06-20,2023-12-17,2023-08-10,297.42,1276.03,paid
998,608,1742,2891.72,2024-07-14,2025-01-10,2025-01-04,481.95,2853.4,paid
999,609,14015,25787.6,2024-07-31,2025-07-26,2025-01-20,2148.97,19672.39,paid
1000,610,1503,1998.99,2021-09-13,2021-12-12,,666.33,666.33,late
1001,611,1086,1802.76,2021-10-10,2022-04-08,,300.46,1502.3,late
1002,612,2199,3056.61,2022-04-08,2022-07-07,,1018.87,0.0,late
1003,613,5202,7698.96,2023-05-29,2025-05-18,2024-05-08,320.79,6398.46,paid
1004,614,28737,77015.16,2022-06-03,2024-05-23,2023-09-09,3208.97,59782.54,paid
1005,615,6926,10250.48,2023-02-23,2025-02-12,,427.1,5552.34,late
1006,617,30009,66019.8,2023-10-22,2025-10-11,,2750.83,49514.85,ongoing
1007,618,4096,7536.64,2023-12-29,2024-12-23,2024-06-08,628.05,5644.29,paid
1008,619,6056,11143.04,2021-07-09,2022-07-04,2022-04-22,928.59,10111.5,paid
1009,619,5130,9439.2,2023-05-30,2024-05-24,,786.6,0.0,late
1010,620,1197,2130.66,2022-09-27,2023-03-26,2022-09-28,355.11,1202.19,paid
1011,620,1050,1869.0,2023-11-21,2024-05-19,2024-03-21,311.5,1600.55,paid
1012,620,1143,2034.54,2025-01-14,2025-07-13,,339.09,1017.27,ongoing
1013,621,16908,37197.6,2020-10-17,2022-10-07,2022-01-08,1549.9,29532.64,paid
1014,621,12085,26587.0,2023-06-04,2025-05-24,2023-08-09,1107.79,13414.35,paid
1015,623,1000,1390.0,2020-08-15,2020-11-13,2020-10-11,463.33,1247.0,paid
1016,623,1000,1390.0,2021-10-09,2022-01-07,,463.33,926.67,late
1017,624,1510,2008.3,2022-12-14,2023-03-14,2023-03-02,669.43,1941.86,paid
1018,624,2010,2673.3,2023-08-11,2023-11-09,,891.1,1782.2,late
1019,625,3454,5111.92,2021-09-12,2023-09-02,2023-04-06,213.0,4768.82,paid
1020,625,7013,10379.24,2024-02-29,2026-02-18,,432.47,6054.56,ongoing
1021,626,15638,41909.84,2025-04-23,2027-04-13,,1746.24,0.0,ongoing
1022,627,11476,25247.2,2022-10-09,2024-09-28,2023-05-03,1051.97,15416.09,paid
1023,628,1386,2134.44,2023-09-01,2024-02-28,2023-09-22,355.74,1473.32,paid
1024,629,27575,40811.0,2020-07-23,2022-07-13,2022-01-05,1700.46,37336.55,paid
1025,629,24796,36698.08,2023-06-08,2025-05-28,2024-04-28,1529.09,30168.47,paid
1026,630,9946,18300.64,2021-02-18,2022-02-13,2021-06-30,1525.05,13009.37,paid
1027,630,7922,14576.48,2023-02-08,2024-02-03,2023-11-11,1214.71,13023.77,paid
1028,630,9524,17524.16,2024-11-29,2025-11-24,2025-03-09,1460.35,11746.27,paid
1029,631,1810,3221.8,2022-02-03,2022-08-02,2022-02-10,536.97,1864.9,paid
1030,631,1069,1902.82,2023-12-25,2024-06-22,2024-04-12,317.14,1573.92,paid
1031,633,15234,24374.4,2021-12-17,2022-12-12,2022-07-23,2031.2,20769.02,paid
1032,633,4441,7105.6,2023-05-11,2024-05-05,,592.13,6513.47,late
1033,634,3565,6559.6,2021-01-19,2022-01-14,2021-03-25,546.63,4105.69,paid
1034,634,9906,18227.04,2022-08-12,2023-08-07,2023-02-25,1518.92,14459.46,paid
1035,634,19888,36593.92,2025-01-28,2026-01-23,,3049.49,9148.48,ongoing
1036,635,1940,3453.2,2022-06-26,2022-12-23,,575.53,1151.07,late
1037,636,1252,2228.56,2021-05-23,2021-11-19,2021-06-28,371.43,1447.31,paid
1038,636,1698,3022.44,2022-07-17,2023-01-13,2022-09-14,503.74,2132.12,paid
1039,636,1013,1803.14,2023-06-12,2023-12-09,2023-07-08,300.52,1127.13,paid
1040,637,8018,17639.6,2022-07-13,2024-07-02,2023-11-16,734.98,14579.4,paid
1041,637,2156,4743.2,2025-04-28,2027-04-18,2025-05-01,197.63,2166.78,paid
1042,638,2162,3005.18,2020-12-19,2021-03-19,2021-03-09,1001.73,2911.49,paid
1043,638,1705,2369.95,2022-02-12,2022-05-13,2022-04-02,789.98,2067.03,paid
1044,638,2059,2862.01,2023-11-04,2024-02-02,2023-12-19,954.0,2460.51,paid
1045,639,1073,1781.18,2020-10-04,2021-04-02,2021-02-08,296.86,1572.66,paid
1046,639,1274,2114.84,2022-03-28,2022-09-24,2022-06-22,352.47,1675.73,paid
1047,639,1243,2063.38,2023-04-22,2023-10-19,2023-09-28,343.9,1967.67,paid
1048,639,1317,2186.22,2024-09-13,2025-03-12,2024-11-11,364.37,1601.91,paid
1049,640,3854,5935.16,2024-03-26,2024-09-22,2024-06-08,989.19,4709.59,paid
1050,641,2959,6864.88,2023-07-21,2024-07-15,2024-04-30,572.07,6040.31,paid
1051,642,1811,2897.6,2024-07-24,2025-07-19,,241.47,2173.2,ongoing
1052,643,4721,10952.72,2023-12-04,2024-11-28,,912.73,4563.63,late
1053,644,30577,45253.96,2022-06-04,2024-05-24,2023-10-18,1885.58,40789.72,paid
1054,645,15947,35083.4,2025-04-20,2027-04-10,2025-04-21,1461.81,15973.58,paid
1055,646,1834,3264.52,2022-01-17,2022-07-16,2022-06-06,544.09,2946.63,paid
1056,646,1961,3490.58,2023-02-11,2023-08-10,,581.76,1163.53,late
1057,647,1513,2511.58,2023-05-02,2023-10-29,2023-05-07,418.6,1540.74,paid
1058,647,1227,2036.82,2024-04-26,2024-10-23,2024-07-29,339.47,1649.91,paid
1059,648,3841,5915.14,2023-02-14,2023-08-13,,985.86,1971.71,late
1060,649,1382,2459.96,2022-11-19,2023-05-18,2022-12-20,409.99,1567.65,paid
1061,649,1235,2198.3,2023-11-14,2024-05-12,2024-02-27,366.38,1796.93,paid
1062,650,36522,67200.48,2023-03-21,2024-03-15,,5600.04,28000.2,late
1063,651,1170,1556.1,2022-07-11,2022-10-09,,518.7,0.0,late
1064,652,2209,2937.97,2021-12-23,2022-03-23,2021-12-25,979.32,2225.2,paid
1065,652,1314,1747.62,2022-09-19,2022-12-18,2022-10-11,582.54,1420.0,paid
1066,652,2007,2669.31,2024-02-11,2024-05-11,,889.77,889.77,late
1067,653,1669,2219.77,2020-10-19,2021-01-17,2021-01-02,739.92,2127.97,paid
1068,653,1169,1554.77,2022-06-11,2022-09-09,,518.26,0.0,late
1069,654,7286,19526.48,2024-09-10,2026-08-31,2024-09-27,813.6,7575.01,paid
1070,655,9089,24358.52,2021-10-09,2023-09-29,,1014.94,19283.83,late
1071,656,15231,18886.44,2024-02-15,2025-02-09,2024-12-04,1573.87,18206.12,paid
1072,657,7260,9220.2,2024-02-25,2024-05-25,2024-05-10,3073.4,8893.5,paid
1073,657,6858,8709.66,2024-11-21,2025-02-19,2025-02-04,2903.22,8401.05,paid
1074,659,20709,30649.32,2021-11-22,2023-11-12,2023-06-18,1277.06,28619.84,paid
1075,660,1929,2391.96,2022-10-28,2023-10-23,2023-02-03,199.33,2055.03,paid
1076,660,4811,5965.64,2024-12-16,2025-12-11,2025-02-14,497.14,5003.44,paid
1077,661,20073,36934.32,2022-03-28,2023-03-23,2023-03-06,3077.86,36138.09,paid
1078,661,3580,6587.2,2024-01-17,2025-01-11,,548.93,2744.67,late
1079,662,2537,3374.21,2021-06-07,2021-09-05,,1124.74,1124.74,late
1080,663,1281,1703.73,2021-05-26,2021-08-24,2021-08-17,567.91,1670.85,paid
1081,663,1177,1565.41,2022-08-19,2022-11-17,2022-11-03,521.8,1504.99,paid
1082,663,1128,1500.24,2024-02-10,2024-05-10,2024-03-20,500.08,1289.3,paid
1083,663,1061,1411.13,2024-10-07,2025-01-05,2024-10-19,470.38,1107.68,paid
1084,664,1167,1552.11,2021-02-03,2021-05-04,2021-02-10,517.37,1196.95,paid
1085,664,1881,2501.73,2022-07-28,2022-10-26,2022-10-24,833.91,2487.94,paid
1086,664,1337,1778.21,2023-04-24,2023-07-23,2023-06-12,592.74,1577.21,paid
1087,664,1772,2356.76,2024-04-18,2024-07-17,2024-06-27,785.59,2226.81,paid
1088,665,6214,9196.72,2022-12-13,2024-12-02,2024-03-15,383.2,8111.34,paid
1089,667,4469,6614.12,2021-02-26,2023-02-16,2021-11-11,275.59,5237.67,paid
1090,667,1072,1586.56,2023-09-14,2025-09-03,,66.11,1256.03,ongoing
1091,669,1402,3084.4,2022-04-29,2024-04-18,2023-02-25,128.52,2107.67,paid
1092,670,25838,69245.84,2022-07-16,2024-07-05,2024-01-19,2885.24,59117.34,paid
1093,670,27929,74849.72,2025-01-01,2026-12-22,2025-01-18,3118.74,29036.85,paid
1094,671,1233,1713.87,2023-01-01,2023-04-01,2023-01-26,571.29,1366.58,paid
1095,671,1042,1448.38,2024-02-25,2024-05-25,2024-04-02,482.79,1209.07,paid
1096,673,1906,2534.98,2022-10-12,2023-01-10,,844.99,0.0,late
1097,674,1582,2626.12,2021-04-05,2021-10-02,2021-04-15,437.69,1640.01,paid
1098,674,1488,2470.08,2022-12-26,2023-06-24,2023-05-14,411.68,2246.38,paid
1099,674,1326,2201.16,2023-11-21,2024-05-19,2024-01-13,366.86,1583.69,paid
1100,674,1743,2893.38,2025-03-15,2025-09-11,2025-04-09,482.23,1902.78,paid
1101,675,5056,8089.6,2020-11-15,2021-11-10,2021-05-23,674.13,6648.64,paid
1102,675,15656,25049.6,2022-04-09,2023-04-04,2022-12-17,2087.47,22231.52,paid
1103,675,6512,10419.2,2024-07-27,2025-07-22,2024-09-28,868.27,7195.76,paid
1104,676,1064,1478.96,2020-10-20,2021-01-18,2020-10-28,492.99,1100.89,paid
1105,676,1035,1438.65,2022-05-13,2022-08-11,2022-06-26,479.55,1232.34,paid
1106,676,1062,1476.18,2023-06-07,2023-09-05,2023-06-16,492.06,1103.42,paid
1107,676,1083,1505.37,2024-10-29,2025-01-27,2024-12-03,501.79,1247.26,paid
1108,677,27181,59798.2,2022-01-09,2023-12-30,,2491.59,42357.06,late
1109,678,19041,23610.84,2022-02-19,2023-02-14,,1967.57,5902.71,late
1110,679,8323,22305.64,2022-10-05,2024-09-24,,929.4,4647.01,late
1111,681,13260,35536.8,2024-07-29,2026-07-19,2024-10-30,1480.7,16137.42,paid
1112,682,1238,1720.82,2021-06-08,2021-09-06,,573.61,573.61,late
1113,683,1262,2246.36,2021-08-15,2022-02-11,2022-01-03,374.39,2033.08,paid
1114,683,2362,4204.36,2023-04-07,2023-10-04,2023-07-07,700.73,3293.42,paid
1115,683,1802,3207.56,2024-11-27,2025-05-26,2025-03-25,534.59,2723.42,paid
1116,684,5204,12073.28,2023-12-11,2024-12-05,,1006.11,9054.96,late
1117,685,1165,2073.7,2020-12-16,2021-06-14,,345.62,1728.08,late
1118,686,23822,38115.2,2021-10-30,2022-10-25,2021-12-27,3176.27,26124.79,paid
1119,686,26162,41859.2,2024-03-18,2025-03-13,2025-01-11,3488.27,39199.4,paid
1120,687,6576,8154.24,2023-04-11,2024-04-05,,679.52,2038.56,late
1121,689,1037,1316.99,2023-08-01,2023-10-30,2023-08-26,439.0,1114.78,paid
1122,689,1198,1521.46,2024-03-28,2024-06-26,2024-06-06,507.15,1449.58,paid
1123,689,1017,1291.59,2025-03-23,2025-06-21,,430.53,430.53,ongoing
1124,691,1407,2335.62,2024-08-08,2025-02-04,2025-01-18,389.27,2247.92,paid
1125,692,2207,3663.62,2021-03-30,2021-09-26,2021-09-19,610.6,3606.97,paid
1126,692,2623,4354.18,2022-04-24,2022-10-21,2022-07-25,725.7,3507.83,paid
1127,692,1795,2979.7,2023-05-19,2023-11-15,2023-08-17,496.62,2387.35,paid
1128,692,2402,3987.32,2025-01-08,2025-07-07,2025-04-24,664.55,3335.58,paid
1129,693,2750,4565.0,2022-10-08,2023-04-06,2023-03-28,760.83,4474.25,paid
1130,693,2558,4246.28,2024-05-30,2024-11-26,2024-09-19,707.71,3608.49,paid
1131,694,1498,2486.68,2020-11-09,2021-05-08,2020-12-26,414.45,1756.16,paid
1132,694,1110,1842.6,2022-10-30,2023-04-28,2023-04-15,307.1,1789.69,paid
1133,694,1111,1844.26,2024-09-19,2025-03-18,2024-12-16,307.38,1469.48,paid
1134,695,5992,11025.28,2024-09-26,2025-09-21,2025-04-01,918.77,8606.51,paid
1135,696,10333,19012.72,2022-01-19,2023-01-14,2022-10-12,1584.39,16746.35,paid
1136,696,1383,2544.72,2023-06-13,2024-06-07,,212.06,1696.48,late
1137,697,21407,26544.68,2023-12-02,2024-11-26,2024-01-25,2212.06,22177.65,paid
1138,699,2032,3129.28,2025-02-25,2025-08-24,,521.55,1043.09,ongoing
1139,700,1091,1811.06,2022-11-05,2023-05-04,2023-04-28,301.84,1787.06,paid
1140,700,1082,1796.12,2024-09-25,2025-03-24,2025-02-04,299.35,1605.69,paid
1141,702,1197,1592.01,2023-04-19,2023-07-18,2023-06-07,530.67,1412.06,paid
1142,702,1448,1925.84,2024-04-13,2024-07-12,2024-05-12,641.95,1601.97,paid
1143,702,1451,1929.83,2025-04-08,2025-07-07,2025-04-14,643.28,1482.92,paid
1144,703,1000,1660.0,2021-07-19,2022-01-15,2021-12-18,276.67,1557.33,paid
1145,703,1000,1660.0,2023-04-10,2023-10-07,2023-10-06,276.67,1656.33,paid
1146,703,1000,1660.0,2025-02-28,2025-08-27,2025-03-19,276.67,1069.67,paid
1147,705,11724,21572.16,2023-01-01,2023-12-27,2023-06-21,1797.68,16401.88,paid
1148,705,14206,26139.04,2025-01-20,2026-01-15,2025-03-06,2178.25,15697.63,paid
1149,706,3194,4918.76,2023-08-15,2024-02-11,2024-01-30,819.79,4803.78,paid
1150,707,1000,1660.0,2024-07-09,2025-01-05,2024-12-20,276.67,1601.33,paid
1151,709,25043,37063.64,2023-05-07,2025-04-26,2024-04-22,1544.32,30903.06,paid
1152,710,12631,33851.08,2023-04-01,2025-03-21,2023-05-18,1410.46,14016.2,paid
1153,712,33156,53049.6,2022-07-25,2023-07-20,2022-11-29,4420.8,40174.02,paid
1154,712,17411,27857.6,2024-08-13,2025-08-08,2024-10-15,2321.47,19239.15,paid
1155,715,22515,33322.2,2022-04-21,2024-04-10,2023-01-16,1388.42,26567.7,paid
1156,716,29178,64191.6,2023-06-06,2025-05-26,,2674.65,61516.95,ongoing
1157,717,12793,20468.8,2020-08-27,2021-08-22,2021-03-02,1705.73,16780.15,paid
1158,717,3274,5238.4,2022-01-19,2023-01-14,2022-11-12,436.53,4894.63,paid
1159,717,5234,8374.4,2024-05-08,2025-05-03,,697.87,7676.53,ongoing
1160,718,3427,7128.16,2024-10-12,2025-10-07,2025-04-10,594.01,5277.58,paid
1161,719,17524,46964.32,2023-12-29,2025-12-18,2024-01-22,1956.85,18505.34,paid
1162,720,1022,1819.16,2021-09-06,2022-03-05,2022-01-11,303.19,1584.44,paid
1163,720,1061,1888.58,2023-08-27,2024-02-23,,314.76,1573.82,late
1164,721,5980,8850.4,2022-07-02,2024-06-21,2024-02-28,368.77,8395.92,paid
1165,723,2176,2894.08,2020-10-22,2021-01-20,2020-11-19,964.69,2399.4,paid
1166,723,1543,2052.19,2022-01-15,2022-04-15,2022-04-07,684.06,2006.93,paid
1167,723,1944,2585.52,2023-02-09,2023-05-10,2023-03-14,861.84,2179.22,paid
1168,723,2254,2997.82,2024-04-04,2024-07-03,2024-06-14,999.27,2840.79,paid
1169,724,1130,2011.4,2021-10-30,2022-04-28,2022-01-30,335.23,1580.49,paid
1170,724,1713,3049.14,2023-09-20,2024-03-18,2024-02-28,508.19,2908.1,paid
1171,724,1338,2381.64,2025-01-12,2025-07-11,2025-01-21,396.94,1390.18,paid
1172,725,20754,33206.4,2023-04-11,2024-04-05,,2767.2,13836.0,late
1173,726,1774,3157.72,2022-06-18,2022-12-15,2022-11-16,526.29,2934.79,paid
1174,726,2769,4928.82,2023-11-10,2024-05-08,2024-02-21,821.47,4004.9,paid
1175,726,2567,4569.26,2025-01-03,2025-07-02,2025-01-07,761.54,2611.49,paid
1176,727,1848,3289.44,2022-05-28,2022-11-24,,548.24,0.0,late
1177,728,3302,4094.48,2022-03-11,2023-03-06,2022-07-12,341.21,3572.76,paid
1178,728,7732,9587.68,2024-05-29,2025-05-24,2024-06-14,798.97,7814.47,paid
1179,729,1526,2533.16,2022-05-11,2022-11-07,,422.19,1688.77,late
1180,730,46524,68855.52,2021-07-17,2023-07-07,2022-04-29,2868.98,55394.58,paid
1181,730,5364,7938.72,2024-06-01,2026-05-22,,330.78,3638.58,ongoing
1182,732,3671,9838.28,2021-04-08,2023-03-29,2022-11-14,409.93,8681.92,paid
1183,732,9516,25502.88,2024-05-22,2026-05-12,2024-12-01,1062.62,13801.37,paid
1184,733,29518,79108.24,2021-05-02,2023-04-22,2022-11-03,3296.18,67399.43,paid
1185,733,11592,31066.56,2024-06-15,2026-06-05,2024-12-19,1294.44,16649.98,paid
1186,734,1283,2129.78,2021-10-05,2022-04-03,2021-11-08,354.96,1442.95,paid
1187,734,1095,1817.7,2023-07-27,2024-01-23,2023-11-18,302.95,1552.71,paid
1188,734,1318,2187.88,2025-04-17,2025-10-14,2025-04-28,364.65,1371.16,paid
